Dist_Shapelet_1,Dist_Shapelet_2,Dist_Shapelet_3,Dist_Shapelet_4,Dist_Shapelet_5,Dist_Shapelet_6,Dist_Shapelet_7,Dist_Shapelet_8,Dist_Shapelet_9,Dist_Shapelet_10,Dist_Shapelet_11,Dist_Shapelet_12,Dist_Shapelet_13,Dist_Shapelet_14,Dist_Shapelet_15,Dist_Shapelet_16,Dist_Shapelet_17,Dist_Shapelet_18,Dist_Shapelet_19,Dist_Shapelet_20,Dist_Shapelet_21,Dist_Shapelet_22,Dist_Shapelet_23,Dist_Shapelet_24,Dist_Shapelet_25,Dist_Shapelet_26,Dist_Shapelet_27,Dist_Shapelet_28,Dist_Shapelet_29,Dist_Shapelet_30,Dist_Shapelet_31,Dist_Shapelet_32,Dist_Shapelet_33,Dist_Shapelet_34,Dist_Shapelet_35,Dist_Shapelet_36,Dist_Shapelet_37,Dist_Shapelet_38,Dist_Shapelet_39,Dist_Shapelet_40,Dist_Shapelet_41,Dist_Shapelet_42,Dist_Shapelet_43,Dist_Shapelet_44,Dist_Shapelet_45,Dist_Shapelet_46,Dist_Shapelet_47,Dist_Shapelet_48,Dist_Shapelet_49,Dist_Shapelet_50,Dist_Shapelet_51,Dist_Shapelet_52,Dist_Shapelet_53,Dist_Shapelet_54,Dist_Shapelet_55,Dist_Shapelet_56,Dist_Shapelet_57,Dist_Shapelet_58,Dist_Shapelet_59,Dist_Shapelet_60,Etiqueta
9.687497698780856,92.04214592416882,4.57518563534546,35.41708098761998,134.2770462537975,12.053618900935197,7.321918835076794,6.930695763972064,80.01003890676968,14.888081976674103,290.6095097792488,100.45673446177112,3.187071457272157,77.64377988027857,0.7674206108390689,29.44043104526815,104.70466666565429,3.9128486078063465,179.35035165460798,6.191594751831871,5.5829895433577414,124.40732830411379,41.05479372194148,315.5297653334643,86.32782746894134,4.631580004975063,31.810599899889155,25.493907282719658,1.358777341395122,223.16140376035491,19.716525089728528,76.7233147713118,3.7900128180736967,7.884259863419112,30.793788440365972,13.12290670710403,7.103083782133433,0.0,159.97400962816008,14.22534534910325,14.483753719111242,122.2398197274474,69.57471553123719,0.4239810805784627,5.101216496996792,323.55914708742586,77.4452940763941,162.7113315213194,82.40762725756232,58.2323916221704,0.0,90.334391993594,13.938073703780262,14.429593777513064,3.20673123824925,4.019025132717283,3.217107355504911,24.372421661208435,0.959588704960311,204.93400573789975,AFIB
4.738889250950886,685.382355148759,4.323982263811964,10.36620707424571,530.8652128681155,7.895878648521503,13.541041736208278,7.6808724130541535,68.27063918359637,95.6449334010933,897.6094529138435,1285.5787734501923,21.227444433980704,87.60712391100624,12.349119544922562,33.31944137484758,91.80813331470489,7.335482109632884,614.7267755886527,15.416321833280266,8.962600238821825,595.1767326266167,20.130387974583524,1254.6049318917896,988.3978346182583,8.895322779454002,28.047740390098745,27.15295303507106,4.006410967886749,773.3243161452481,23.414632371310244,89.87610121335561,11.952783125507363,22.748178811283566,66.22035454051475,17.742766655308618,10.744345867327098,5.11028211896468,733.8948945456217,91.1937763970076,11.665887414714206,596.1601031879409,56.29177804555049,1.7402925364103683,19.698977569415927,1048.3664410032684,684.8053276133163,842.6884087621486,732.9712992757101,448.3065269654491,716.2186719931688,90.65945643555831,9.294272962592553,6.0580978560349195,117.15125473649296,2.3567638217010454,28.48584643707761,13.887407834231297,3.94998770498618,669.4046088470018,PAC
8.720201199697263,685.382355148759,3.585683092790109,21.036324875174408,530.8652128681155,7.39587965035325,10.046485931633608,3.069768298122685,90.06821293221553,95.48086841156662,897.6094529138435,1285.5787734501923,9.586488559765513,113.16377499122028,20.4798167292368,18.901950689844217,132.32997200079933,12.888154184781468,614.7267755886527,8.515792262718165,7.0254954362660875,595.1767326266167,38.22292245552742,1254.6049318917896,988.3978346182583,5.926615799874803,47.414620842356285,39.04356781493567,1.9384415135718132,773.3243161452481,27.60303023997319,135.18269470866966,3.912704336371962,7.602590470442399,49.617624742867626,22.73356879977541,16.45469388481548,4.123149542887043,733.8948945456217,99.46603581461507,21.588824860785213,596.1601031879409,88.218012953479,2.54007216944005,28.754942785514228,1048.3664410032684,684.8053276133163,842.6884087621486,732.9712992757101,448.3065269654491,716.2186719931688,89.68547251161232,10.846531294294817,8.762511470742036,146.1358352078332,1.6067006385388787,15.019916628083083,29.341963090158945,2.046245289319594,669.4046088470018,NORMAL
32.62922702361759,685.382355148759,15.527217572239396,56.84131561495913,530.8652128681155,12.119574682478119,22.40430445943925,12.726970560914456,115.73045558575215,12.735789099954916,897.6094529138435,1285.5787734501923,2.363485821083217,72.45908543719105,69.85668448011353,29.681717772283907,80.41351990776562,5.431443540588875,614.7267755886527,1.060614722760616,8.260639622572521,595.1767326266167,51.84245596769869,1254.6049318917896,988.3978346182583,7.582493594602424,69.00251494514454,22.593858968975308,9.231292271165138,773.3243161452481,26.385622024021572,105.29379880771216,8.09208575354667,12.71343869171257,25.828275844694097,16.381056707416754,46.866476865550744,15.589424602459388,733.8948945456217,119.8925972679389,30.116587800327046,596.1601031879409,79.98162754725544,0.6627112031023891,59.981688688687704,1048.3664410032684,684.8053276133163,842.6884087621486,732.9712992757101,448.3065269654491,716.2186719931688,66.6505163748347,37.781128659317154,38.23249691418395,157.21397353679666,5.154930267084326,1.8114211543682839,48.10104168165546,2.9586381629924126,669.4046088470018,PAC
19.31502840797983,685.382355148759,8.865790232359057,49.325431865793064,530.8652128681155,26.471974612221405,33.68969026832536,38.97874499557211,23.443388703247013,52.38258078120377,897.6094529138435,1285.5787734501923,54.56783895630611,20.422407940412114,1.9536220733924738,37.530373812257025,20.633675847812146,1.9729671665327977,614.7267755886527,39.18942436234609,58.49949972379544,595.1767326266167,43.419147470676705,1254.6049318917896,988.3978346182583,28.051944346463657,17.236090150604483,38.91896466599618,15.857473847748052,773.3243161452481,57.82520738685399,20.6890133517049,32.36743585377576,88.66026001046534,106.8547921305428,7.366735476646765,6.070669253118875,12.263453966535497,733.8948945456217,85.40765379927086,26.311784719686468,596.1601031879409,12.099439481092084,0.872053454235497,7.997256713247983,1048.3664410032684,684.8053276133163,842.6884087621486,732.9712992757101,448.3065269654491,716.2186719931688,24.09590279323372,35.66400171418138,21.165649757864312,91.78629184032816,7.909460105780749,60.8775105586058,13.589836998618145,0.7628163327164248,669.4046088470018,NORMAL
56.0987502095723,685.382355148759,8.855322005390988,103.70337193162176,530.8652128681155,60.58641638966408,74.64866181868058,40.27768215733909,47.65990559355035,16.428725104486407,897.6094529138435,1285.5787734501923,16.40916454788671,9.759326626048662,21.64195352082522,13.530917284294285,15.335560831641123,4.5095998638314505,614.7267755886527,9.66236637157111,76.12424608178063,595.1767326266167,94.7309126005427,1254.6049318917896,988.3978346182583,4.949682317074701,21.777735997477276,44.1649823651901,2.3375558718299083,773.3243161452481,51.06307388319303,9.4831183252865,11.931276563802452,126.3956043603479,126.38801272941546,11.090125542793638,13.750849919643363,8.451641264073707,733.8948945456217,88.81815934756874,32.06010937189158,596.1601031879409,15.715832578782717,2.972360017394038,28.02516124348057,1048.3664410032684,684.8053276133163,842.6884087621486,732.9712992757101,448.3065269654491,716.2186719931688,12.110519376568819,64.54916477465223,64.96555683540468,66.30612776245695,3.8317947034155972,20.99300377584797,34.34587951278232,9.999539568958584,669.4046088470018,NORMAL
5.32286735192445,146.22974253562893,0.0,17.46147358812035,134.30260222047536,18.899984637645527,22.829080122791858,5.934871178238725,55.33690917602251,73.32143234819694,140.0364112292195,167.11235097593283,25.15778621710161,91.53396351639391,1.614670564314128,25.887400675255705,95.22864901854999,4.340184964806577,172.22806062125892,20.64595777724495,13.242236790054228,192.27865610543844,26.57338067517767,367.47547232714334,187.96298304714276,12.048337324179043,35.77746154253225,29.492455042833058,8.508150980353754,244.2369697357437,48.32719654116183,91.72781601893954,15.811988278006428,16.290587241301907,68.33778442934424,16.518131739641287,9.617929630092183,4.425320480103442,250.09334440441154,17.271202201703325,27.45802070634902,98.34819722068983,63.09524159805079,1.7768676497706108,8.96007824242191,257.3740759641744,185.1226509735171,140.78491289611634,80.97505321924427,137.34944764280013,170.12632382241148,85.6169998164135,18.485962502571716,3.7191701066107825,17.043792733569315,2.9873563398429397,35.77649426073123,23.99772648859466,0.3937312686781366,117.67264626400643,AFIB
42.993815507720996,685.382355148759,16.263030558878448,141.05723165298824,530.8652128681155,51.51206401841124,67.00740797982472,18.16998543299086,77.01231096325978,62.45653912202651,897.6094529138435,1285.5787734501923,2.9667974515010997,98.21990242672551,51.56441689061465,8.385015022613834,85.33111989594315,16.34297451351779,614.7267755886527,1.898843434872727,43.935571632550044,595.1767326266167,100.43212351553312,1254.6049318917896,988.3978346182583,3.5882161383237356,18.314431925579974,35.11169401060823,3.1918110581779477,773.3243161452481,45.40202740700355,98.43945762523272,7.54881687556397,56.90941685098783,89.64494913516708,9.803734583605179,31.40804543435968,21.218530826431557,733.8948945456217,68.63086128464471,41.52125010584108,596.1601031879409,75.32339080632616,8.828958735313932,62.8910114630556,1048.3664410032684,684.8053276133163,842.6884087621486,732.9712992757101,448.3065269654491,716.2186719931688,68.80921801706651,58.08411489453449,50.620902404793995,113.56802540257237,4.206204126885312,6.9828448584999245,48.06090364085284,17.497974762832822,669.4046088470018,PAC
13.397964999100594,685.382355148759,3.9541284431414847,86.33379730422214,530.8652128681155,10.555277295732292,11.382488955505638,4.721259661642289,101.0816804616946,38.544874821946856,897.6094529138435,1285.5787734501923,8.112426630162382,106.22440664433235,25.035660276997806,12.863998095914216,95.87095562474123,11.747274667294427,614.7267755886527,7.424932294036755,10.768006407129599,595.1767326266167,50.68956297471538,1254.6049318917896,988.3978346182583,4.652557128516319,58.02425507878088,46.84583321544525,2.428287040243876,773.3243161452481,29.534048848197877,137.55032627032165,2.776013561499814,7.2401639790416805,57.328476344473174,19.09207836889368,18.41204908586178,3.3929742846707196,733.8948945456217,97.20960791817329,28.947611953744783,596.1601031879409,97.72947002890383,2.159977180362454,29.962933261041822,1048.3664410032684,684.8053276133163,842.6884087621486,732.9712992757101,448.3065269654491,716.2186719931688,92.3136740317595,16.60546124790312,10.17048041968429,145.42507527651532,1.0806704955849462,13.06114068373503,35.688834651771984,2.0789970567545413,669.4046088470018,NORMAL
51.96509892799283,685.382355148759,21.64228280257658,92.9874627545877,530.8652128681155,15.457717459139879,38.228660450575255,30.349052859663256,112.71778924333009,19.791612258893515,897.6094529138435,1285.5787734501923,2.1299852426671504,108.82425984172508,68.3636582040861,28.975231087277386,93.30351597936499,11.404780404756005,614.7267755886527,5.39463767155793,14.78340214535293,595.1767326266167,43.8836475692434,1254.6049318917896,988.3978346182583,7.396608711574534,83.86598433568064,32.50209348301258,7.807837785289277,773.3243161452481,42.8542970505979,155.69535083359423,3.376551847019306,20.516055311689623,29.534168908533537,16.818448774790493,53.380091293800994,16.978152065743657,733.8948945456217,122.86477254052475,48.15269067545242,596.1601031879409,110.53683962844553,2.347936057126084,65.64472743825539,1048.3664410032684,684.8053276133163,842.6884087621486,732.9712992757101,448.3065269654491,716.2186719931688,89.84519194030982,48.66731538344909,58.084810715362124,136.74947869158459,4.902582489962901,3.1030823885567957,70.04871929088418,4.332777155957555,669.4046088470018,PAC
48.19971805595096,278.3331680588859,17.917980251855415,84.37770781340134,0.0,35.94655302740678,79.57125169026952,41.053880031691264,35.258577200249725,5.505776700958045,153.89269347770303,577.4417520766084,1.907412704422206,5.052057909008048,2.1295788915450173,31.69661950857813,7.291928480353368,1.7324335881878858,81.53140051895828,1.4078015324574045,72.79763723146367,73.3080974280505,75.55483876330064,87.40565202015333,374.1191494386967,6.931078888830303,19.93181944785678,30.83531544953179,4.335184992537849,253.34232335428422,36.067882041331686,4.71988169884671,5.203443775867112,90.84699099590134,58.925663798808415,10.62161478270148,5.775640533045542,8.771296607271003,230.4900385462249,34.391814364189166,41.910905474749406,236.17415166864708,7.358849020869952,0.6263503216373375,3.4203437140010493,280.75528044663974,213.3249618212714,293.4430207213684,290.8802200417037,126.83016330906204,292.4550237849664,9.72512116556655,60.52480163787903,55.519670089501304,9.120964178739053,1.435806427226592,1.698535260692705,24.39458994704886,3.6816901961503223,61.633927812903195,NSR
4.585975624690611,685.382355148759,17.221255017601745,38.65968553782447,530.8652128681155,16.558270527853665,45.10813056951055,17.009999165622585,38.21167824974838,43.27204451560886,897.6094529138435,1285.5787734501923,3.281069182369138,35.33280715000723,40.50307033420499,24.411454594017556,32.08123622822233,7.552012421760217,614.7267755886527,2.27998636073927,23.14538611086607,595.1767326266167,58.68945257642429,1254.6049318917896,988.3978346182583,9.869521569905709,12.720483593427359,20.284623178189847,5.484958720328986,773.3243161452481,6.292422396172601,35.4746479153735,9.203527647575513,42.37431868067977,79.70125875182535,8.104335090623918,33.37810866295746,27.733195892139207,733.8948945456217,68.16340704076805,8.229687242612268,596.1601031879409,15.397185852247192,2.1841396799674118,54.7804192536197,1048.3664410032684,684.8053276133163,842.6884087621486,732.9712992757101,448.3065269654491,716.2186719931688,34.40945517464226,19.051785635141957,9.879355303631483,121.1507091272944,1.8559024243461968,13.249024107576115,0.0,7.121892631886223,669.4046088470018,NORMAL
53.65022247539331,288.793376527042,4.9277965762403655,83.88623089805212,44.731597404139244,53.01229911044307,63.88331716996191,31.6667270244809,31.74253522780747,13.694744404703066,113.8370417753166,565.8105489155296,24.270205540217155,8.93786806839435,1.721613378706682,12.165458346188736,8.273810961253592,3.1227296125528086,75.42802413491663,15.4886561087594,64.31240816722504,115.84654442198543,69.64041333774412,190.00680779053792,459.5545888090353,16.127303644549873,21.38511567423497,21.506294139527178,3.334257293124684,254.04677492474272,56.26396724493104,9.656724473569708,14.948491281137883,80.42121480675225,50.15045720498542,8.999512338919484,5.638975858042677,5.827719157501751,255.51583224143005,42.62193444498644,31.52142269336275,209.65047446534493,10.06225835561605,0.5075346203501214,4.7887054626376715,222.251760675468,232.1353370837885,320.50138972550263,284.64190351138967,166.19371012315636,358.1093359965844,10.334238663306483,70.8974387604726,62.65607353690515,15.150226884630792,2.8393151072546923,23.271806230061987,33.242726927243396,2.224144046849255,69.16448554270168,AFIB
58.370590550897305,685.382355148759,7.323606744739605,107.81432568911329,530.8652128681155,62.287715191150184,72.28707942334262,34.68034255913379,38.822863281047155,29.505020702071597,897.6094529138435,1285.5787734501923,29.324172690868856,5.538211951652006,9.460618858336822,16.099170047382103,5.0781095584182045,3.1928127156473978,614.7267755886527,19.84653569083995,75.74382640362927,595.1767326266167,90.5627695335077,1254.6049318917896,988.3978346182583,14.890525180610867,22.198422206256037,42.7443308765246,4.204142048780133,773.3243161452481,62.482512283405306,6.4036909154280215,16.673377641510175,110.35237399677965,96.62547226255626,9.825137213114251,7.110275546345896,4.989005646012475,733.8948945456217,78.06963027794357,38.37228694619451,596.1601031879409,8.0333292408305,1.6524648610438084,12.479521584797025,1048.3664410032684,684.8053276133163,842.6884087621486,732.9712992757101,448.3065269654491,716.2186719931688,10.350987729952909,71.83268188027924,68.5178885851673,79.46156132860993,3.476851294130132,34.375447760779394,32.25271695255094,8.618896856649622,669.4046088470018,PAC
50.890324920214304,153.78249515173513,8.548224983831613,40.272388172751285,185.98100853971764,17.56567480332188,20.559440495530286,15.68180332366228,103.30236161544099,36.06598931418531,333.65339364202384,187.34719783910327,2.6850010266832194,61.01422628704252,8.388641412375422,33.301873456266414,101.03202980068515,5.617429279695304,173.5975414933607,2.23993947507703,11.596642328742481,192.27442733299105,25.578924555349733,415.4309969495584,198.00021094759995,9.172318663777741,49.456742277299554,23.390530184844952,1.0242005874616051,0.0,69.67457655511724,58.54644000625345,9.23729778366321,13.869298587236765,11.510091218965169,18.050520354320057,16.065955194201205,5.175362420788842,189.58608388927428,37.13772514881001,39.3609690841422,128.27744335825946,82.92001086890367,1.2766852134747009,19.097184158154224,269.5588842263779,270.8132168978954,189.42768352735166,92.2489704780903,173.94046847780987,112.63541421857703,68.76909337657624,49.89069150326993,79.51862183106114,52.10788554842491,12.427102746089998,1.7488790741784035,68.28862293277253,3.9953852464172566,264.39647418718914,NSR
19.758214118488016,235.1891857963371,3.844578231725922,71.3936941484184,89.29963948375953,17.495119544222597,50.033452342608165,29.859068480735,68.33505514168567,12.414080503519902,205.83278549216027,399.43655305609934,2.853934627756079,61.652501902987645,0.9538500152596945,20.310044332502496,63.73476461185962,2.553531666410837,161.4023730663938,0.6145705034926728,69.07655737511715,117.5850527258192,67.29768492523675,306.3629652222106,283.7719235808378,3.2325919698665784,47.05034744056159,28.639857763010784,2.909048157099549,321.339995453197,39.478056935494685,61.716328044467986,5.161124429032272,85.54169210439773,64.18005381325264,11.480677341538902,7.388087125027179,3.7657727997370913,68.47580406699078,31.45248386870022,47.18178245817806,224.2306114509708,54.104554685314106,0.164166701916606,4.049023819750059,329.44302296080576,0.0,303.3903178913759,210.85593810706933,64.03621336784981,198.63607092700295,64.95748221006258,24.777216227221786,19.424913292771397,3.755114631423388,2.6172045173060003,2.0349447869754305,27.600276631483226,0.4675447476238016,170.2131898898224,AFIB
19.29695838703874,197.56615756801583,9.560424746239343,33.97207398227083,54.25490082648844,22.85036873312013,42.99819876984725,11.400151372375277,51.42068099738683,11.204974309265074,125.02064683642892,224.75211774929406,2.3694692664476786,39.823295413100006,3.0204899635613187,7.041671150629447,44.75287619614085,2.663539511402571,83.58587976236046,2.352257573284846,21.340902390558078,54.94181923914479,58.04728459960621,234.6287191272427,213.44403272992494,6.608632356225821,4.775225189056629,19.30856206482536,1.4008365717272326,209.26342678055636,24.50570678119105,39.86575869130526,6.01939489033448,45.77255228041541,54.13488010712073,5.7535769847253775,7.284766092601148,3.829825611823825,161.8686291625822,16.149445684834777,34.01227535922946,84.64446913093566,27.147472909942564,0.2733269689871021,5.851145250993895,170.32181842497363,155.29374202114698,165.24713196103988,111.7471028966174,128.20140734451192,154.766788099776,22.902469670315917,30.74794370815554,23.99962328745932,21.244547122758615,1.7975352141127814,2.082474091293964,23.352179417499435,3.539350717108446,77.93957565121154,AFIB
7.916487048826775,685.382355148759,3.140190422570171,28.29542530940988,530.8652128681155,12.378136662933525,30.423662832373243,33.285521700114685,48.34421853562168,55.505968494404414,897.6094529138435,1285.5787734501923,15.964595034600148,31.389396959282664,16.250703147689126,32.81574368259659,33.152826397454426,3.8762671862432145,614.7267755886527,12.73338608517339,36.50631828342235,595.1767326266167,28.375616184492568,1254.6049318917896,988.3978346182583,6.301010805341132,14.350575447204493,32.36399385925129,1.7550845233485908,773.3243161452481,23.388261083529706,31.57855243110122,11.689588442680607,62.81561316287548,114.13515932156216,6.814389839735691,10.91788439504271,11.64764467922829,733.8948945456217,84.54331655138303,12.654898583968205,596.1601031879409,15.329082737355133,4.066295525133126,23.9154624772055,1048.3664410032684,684.8053276133163,842.6884087621486,732.9712992757101,448.3065269654491,716.2186719931688,34.246515558259105,17.302691733864584,11.932478355084859,98.11609728982839,0.8474218807084302,33.335188611338225,8.631862723648313,6.9521977540449305,669.4046088470018,PAC
39.03296949822671,152.27718277969421,3.1772400040035254,49.26058204551702,36.29742410349948,42.5722359730659,52.94277898119148,7.841297425655041,50.054858001507206,9.690636838308412,168.30669235602443,314.03187070750386,8.301315313316506,16.116650251835093,1.5744641209306915,14.546942993964121,19.412622494820116,1.8019599625221925,120.27775694051111,3.7174908582382025,45.528077022132344,136.60833911551595,60.901829521697195,150.21998651562438,270.0927252370623,1.5465252236481792,24.247809441564815,17.182657896944978,3.9796254228491295,194.8363936985946,34.809557525985056,16.50884960765901,14.427252573561683,64.81025439031043,22.284483677284594,6.115890911410313,6.101949854222836,3.594671938098583,133.91405567533025,32.26958312860965,25.592493799002483,243.5839548705374,21.032532211415145,0.2285328859781138,4.011677737201943,212.34632344141093,186.5861898592906,241.36356858917603,199.69027884663194,181.6156689037323,109.86870122801125,18.28271927342502,50.51430052444686,53.101329536312576,9.46911505212731,3.5497756600373433,15.284179618082918,34.6736272272529,0.41453994635838853,107.8784442098283,NSR
51.49340639415234,685.382355148759,7.037398831970168,89.82214089344248,530.8652128681155,73.20226905020255,85.37228242839656,37.46070134721138,44.29374962457076,33.41675724854311,897.6094529138435,1285.5787734501923,53.862734826639326,9.559598502630108,14.478481276112174,48.6005478281169,15.141927443624184,6.765181153292592,614.7267755886527,24.8752612365098,62.25743889850569,595.1767326266167,68.14997995259965,1254.6049318917896,988.3978346182583,23.720486759766644,15.526896166149553,37.59728050763521,23.9309234736199,773.3243161452481,88.81143473064304,10.261182113355368,66.82879288883971,88.24651350627778,68.2413972149,9.566592109932722,19.91556850145025,24.024404127300574,733.8948945456217,107.26311241400495,50.285642871888925,596.1601031879409,17.80574783590759,4.800490576083876,13.642847489215448,1048.3664410032684,684.8053276133163,842.6884087621486,732.9712992757101,448.3065269654491,716.2186719931688,4.585635022304872,85.13668463015031,69.70453475825869,82.05405097892456,3.1840730064236906,52.74105610192734,41.57012843365549,6.667806970138189,669.4046088470018,PAC
23.81274415530373,685.382355148759,6.334881930280982,86.16591949665806,530.8652128681155,12.82478066604553,17.769162290900944,6.726853109081426,107.6636942638269,36.42828606787167,897.6094529138435,1285.5787734501923,6.365191966643264,129.5375713324854,27.692507012056524,9.929879857692574,99.27175187728078,8.867215622904006,614.7267755886527,7.187621950263466,7.873931103315959,595.1767326266167,56.8821522688281,1254.6049318917896,988.3978346182583,3.8215112912680675,67.86674114369285,40.812205877324054,1.4235281371909898,773.3243161452481,30.95256393444948,158.0895235923741,1.6405019800195155,2.7985619968420274,28.623516891283597,18.321929336439414,25.040013492888853,9.491782712665112,733.8948945456217,85.16677887799928,35.64259915253526,596.1601031879409,116.01166623353693,1.9215345823932146,46.75668832939368,1048.3664410032684,684.8053276133163,842.6884087621486,732.9712992757101,448.3065269654491,716.2186719931688,98.865578070578,29.870596679270005,22.454021434697538,135.45965707568558,0.8169417475947413,12.36543693270054,46.47542207432208,5.414413486763433,669.4046088470018,PAC
69.4295986659478,685.382355148759,16.335782076122463,148.25065659371052,530.8652128681155,48.91805358869652,85.23071776369527,42.15948598904219,92.33650085867781,27.87407465682703,897.6094529138435,1285.5787734501923,1.349373673059956,75.09631158251574,25.94510199813926,15.941706194071976,69.76487729161076,10.157925422495998,614.7267755886527,2.928844328783423,86.71395863370716,595.1767326266167,52.0738927936559,1254.6049318917896,988.3978346182583,11.192612483443206,38.18336004645112,18.455903950732797,9.257221812280298,773.3243161452481,46.27309124435998,77.5558392484462,11.982611717943323,107.84182715084172,97.24279313126569,13.37561604189482,23.22959469634822,11.771990503969334,733.8948945456217,89.63689257594909,42.40460324775066,596.1601031879409,61.783496123967964,4.50492999636766,24.44524479829452,1048.3664410032684,684.8053276133163,842.6884087621486,732.9712992757101,448.3065269654491,716.2186719931688,62.36192196882298,93.86645367959095,80.82659222779635,104.12805079358016,2.937036929929993,8.794823760623105,61.65815260169345,8.21175527037783,669.4046088470018,PAC
28.773764813386276,235.1691732554726,6.530858719825672,60.415875258074685,17.57450767831135,25.37806776481116,50.316214298720446,27.029559377752268,24.063319047256467,21.414218414526008,119.78869455577768,453.50432588972865,5.916562278841104,8.967669356086494,1.657491619739539,7.41973993254736,9.506963639107152,2.61308549930665,41.65281713578202,3.629395864846634,51.96833237729704,60.841797677849605,64.52073006634525,79.75774147253513,276.42403933142054,3.495581089488082,9.666743371174938,17.059422226395963,0.771058307819743,215.21123282500648,25.400840753442626,9.815212954507997,3.3689093428482746,77.5486298245841,34.12284114316441,2.750451256448783,5.773273904875263,3.066809603225543,165.40742918495047,22.30697765602337,17.848243333762582,167.30084161732916,5.319457750672406,0.3899301626452806,4.290848023560351,235.60199487401266,160.09190479354496,215.44605055386114,199.60976113094483,90.52250816341619,209.4914283745127,9.400877705351828,38.74812057641077,39.35565215373676,8.942335008284978,1.516884926265188,3.499611734808973,14.305204117207929,1.036216741077625,38.21550651221702,AFIB
22.57539443718134,685.382355148759,30.985945661427042,52.76845655389672,530.8652128681155,39.338193827148224,62.40746107465649,13.595342702347537,70.65967858893534,38.205300943463,897.6094529138435,1285.5787734501923,4.53497024725253,65.27938802637189,32.90230390559905,23.072819052131216,64.7336825641631,10.807048448891354,614.7267755886527,2.922120369765928,19.29861323688908,595.1767326266167,92.7299414204041,1254.6049318917896,988.3978346182583,18.563917701901218,24.35988714733043,0.0,18.561636250394432,773.3243161452481,11.35837256169077,66.17020303514938,20.683930997897463,39.55020361580322,44.24165394330817,3.891111863687979,29.733666000785597,34.49405501607404,733.8948945456217,38.03541950275271,12.344551446321084,596.1601031879409,43.14264485341334,4.9984546058005135,23.86348570320874,1048.3664410032684,684.8053276133163,842.6884087621486,732.9712992757101,448.3065269654491,716.2186719931688,60.1275579718376,52.40402140406556,30.354761115034254,90.9873659955347,2.790469444069713,20.866969147063976,20.972303268669066,14.703848145338105,669.4046088470018,PAC
55.04548322474119,685.382355148759,15.723008024214106,130.63406019956287,530.8652128681155,25.696397592675087,61.19612044854053,34.47188319569112,82.92008378259585,10.147330758904154,897.6094529138435,1285.5787734501923,2.564282387806554,165.3478101163998,49.070178227738865,29.48430059780205,69.52243569408806,5.183327331609152,614.7267755886527,3.173375717532508,17.217644341836174,595.1767326266167,74.61050116487267,1254.6049318917896,988.3978346182583,16.671308342151715,65.2495266695565,32.22029476862169,15.872520816580616,773.3243161452481,45.43892146712702,196.95025797446235,12.194201734293634,15.002775528872242,28.16796997880034,17.737779623176024,53.71589703765245,28.730413607108936,733.8948945456217,82.48511647087282,51.54730054112296,596.1601031879409,126.1873614515533,2.2446542472516358,39.60068401112939,1048.3664410032684,684.8053276133163,842.6884087621486,732.9712992757101,448.3065269654491,716.2186719931688,62.878855577835964,73.00882352591071,58.027698563177864,101.5947105741662,1.6072503149497417,1.7918645643699092,73.638210765398,5.586749893086762,669.4046088470018,PAC
65.05870118545133,685.382355148759,8.486778755847576,103.7686575110948,530.8652128681155,14.579186724733649,31.645922340688042,24.18294901457609,128.92965776283515,44.165998356613464,897.6094529138435,1285.5787734501923,11.370712516558331,114.91725859761213,39.226534001992924,29.673790458067977,126.32186773138197,33.81528239911892,614.7267755886527,12.685006090028015,16.654830303661093,595.1767326266167,21.651462931080587,1254.6049318917896,988.3978346182583,5.430995755204198,80.00870581569323,47.44822203315746,4.034818986978385,773.3243161452481,57.97125016272746,135.70422815344187,4.4072078902881335,21.18872743112882,26.650671086694487,30.34677709467792,33.84219432136875,4.164607099973135,733.8948945456217,117.35902271047006,57.37453305957031,596.1601031879409,130.59063664029213,3.9038163484074286,46.149960186785854,1048.3664410032684,684.8053276133163,842.6884087621486,732.9712992757101,448.3065269654491,716.2186719931688,113.57531791603377,47.24592852087029,65.72653624692336,151.79096508965247,7.64188321619809,13.691306477224579,79.69280060689412,3.396259141557798,669.4046088470018,NORMAL
50.844738312091415,685.382355148759,5.206148049488792,62.828921703234954,530.8652128681155,18.984838208698417,36.04311110136222,18.08130809923117,134.9329681685451,80.15671602188078,897.6094529138435,1285.5787734501923,16.217596096018482,161.2969500686273,24.479656177032247,23.088383968178512,166.95402257144337,15.9213588726354,614.7267755886527,16.856685886648442,13.245814598377923,595.1767326266167,18.904538623376244,1254.6049318917896,988.3978346182583,8.888224893581208,87.41816275672566,43.86609134075929,4.580316939481755,773.3243161452481,59.21004349198075,176.4164503574486,7.922706690653294,17.282014788419215,29.66863525193996,30.539083935331863,32.32459496958094,13.811302419996016,733.8948945456217,102.94707097783146,57.47508903559126,596.1601031879409,164.66384081312242,5.442152143291343,49.704003551812114,1048.3664410032684,684.8053276133163,842.6884087621486,732.9712992757101,448.3065269654491,716.2186719931688,121.64816451102351,44.84756364149923,51.46298390146795,147.8644691589123,5.114401090320945,30.676929164587467,72.467008950181,1.5417450629268716,669.4046088470018,NORMAL
33.48632578637627,282.3163742623737,6.619224776621544,45.068073409866365,63.28163275724315,45.442952874912535,62.30378738156451,16.808208390432444,26.951835688036798,18.61118080344289,112.44816420887221,489.95806499983536,28.199455607921475,8.801828686270493,0.9230985074988552,32.166537784983525,10.243218787240032,2.214862262388329,136.9102928130279,19.974849093380058,45.925215596118385,130.5373320772007,50.78842085600375,129.32789134405635,290.91098013497907,37.29665138330082,15.657512872154948,16.065762443880402,13.937703160645091,279.19481811441545,76.48924608841114,8.8718430190956,35.43556452705769,75.35537798304554,63.43550693291286,9.543299925304105,6.050218000651686,16.038149387340408,210.42253392252235,22.896284802895458,32.05761366842145,216.84538125352339,14.534945441562773,0.35546805022396555,4.352773283700322,217.63454318531416,220.8015720274712,239.22067003182858,242.11659808925126,162.6909680757748,266.35783849740733,16.281880106472947,60.584844179206996,39.17745976307749,19.86084144325535,7.12414249314648,22.01304934144243,24.717599481960107,1.281789089987354,84.11310182953902,NSR
36.30097614259304,685.382355148759,0.9825326617158269,17.23558152249578,530.8652128681155,18.291875486395668,34.844279797312375,9.788267907268558,43.229107314247784,77.82503592024857,897.6094529138435,1285.5787734501923,19.35379874707871,72.04592637489992,15.628485364148894,67.1903217881461,76.23307898417434,7.632463585413798,614.7267755886527,16.358824795470046,27.597113667260167,595.1767326266167,9.911344011683852,1254.6049318917896,988.3978346182583,9.241703170293777,25.899592214301045,28.67789461004904,10.428628258956936,773.3243161452481,30.891038751041595,72.44652713037364,41.753785774864134,37.85489785393218,83.05954967384183,19.580091771892217,20.703025842861845,12.916766768755974,733.8948945456217,71.34498456888468,23.042366966549807,596.1601031879409,37.83036757464708,2.6088938426191235,26.867260498270362,1048.3664410032684,684.8053276133163,842.6884087621486,732.9712992757101,448.3065269654491,716.2186719931688,59.96966021448721,29.68269901077058,18.945069306961305,120.15977898445767,2.1872841379373704,59.74342461895137,18.80176733418102,1.0137011095276753,669.4046088470018,NORMAL
5.438160958589953,134.495298833346,10.106399402437752,25.258036682032333,65.25751644562321,12.980222678714306,26.450482132168087,11.291568072731032,24.42592684751137,12.355357158801382,90.46103378279514,232.51671719417513,2.2112257205174646,30.651912320717752,6.349433940387829,11.890278621259522,25.813117358011194,1.5957642366638571,39.49454506739083,2.0602618682341225,18.37720310302407,68.9339612484722,51.25922457748166,218.0352278112643,191.14896951758706,4.820814673043576,7.4155239328828575,11.848080595975224,1.612600283157286,214.9144660337754,6.415902224769817,41.71411693193055,4.545498014376978,35.05000222542578,45.68397227299876,3.1920406107189487,6.458507512295617,6.273809570961332,156.99052293315202,9.348280770434357,5.00925085175654,111.36969386776966,9.813483236885428,1.9126046343822423,7.06132321297976,129.2270857026063,154.2099359506664,137.50419527315373,85.09442043344916,135.49417442116913,207.32435718357573,20.594020687061576,15.780680986181563,12.058399526720832,16.028187060532407,3.4906246185591847,3.6517687727479045,8.078575484726574,7.339399496814136,48.682256150222344,NSR
21.553933842492,685.382355148759,20.749048696422513,61.589442831858655,530.8652128681155,13.788632119298688,18.065262416261135,9.152099014935972,102.30521958509951,16.762011689163757,897.6094529138435,1285.5787734501923,1.0437788009269255,87.90472190571496,65.68712618455156,21.227703369169973,82.61438670994706,5.999907038499009,614.7267755886527,3.840065498956886,4.128494208916805,595.1767326266167,47.94772795237135,1254.6049318917896,988.3978346182583,7.042747339832247,51.79712834965369,20.583254891501998,6.216665124599182,773.3243161452481,16.945555102587655,129.69536218273706,2.8402621974976543,7.522349153822322,27.726022867472548,16.63855993923785,48.2254575577163,12.720090569657314,733.8948945456217,125.01592506341119,21.043040546497174,596.1601031879409,92.4858763759829,0.5429439344607037,63.3768189369574,1048.3664410032684,684.8053276133163,842.6884087621486,732.9712992757101,448.3065269654491,716.2186719931688,83.43579043237449,31.443405627333046,28.111084483904694,149.75895127044296,5.086291667003751,2.5195928100659604,35.14789906997592,6.334124630686533,669.4046088470018,NORMAL
11.200050352535456,266.92122638425036,1.8815797675106372,32.499967527780335,30.285684615354707,14.129753326681795,33.89737718188439,29.058640157336082,36.32620236653577,49.382528357467216,143.34274845738466,339.01799368054697,14.11319682368402,51.371864704554696,1.171983685884533,30.49183916287547,51.19556801500321,3.2743438210908744,64.7927368510541,10.879182976878061,42.939926029896654,59.06140116845463,14.58663104390525,122.74859761786297,178.92461655511735,5.070182105341759,23.633163497374856,32.21519546284961,2.6067341294646384,229.57323584722076,27.49601916140745,46.97778497504327,6.6102546370039175,66.67201358920231,59.8775269116791,12.057126928418855,7.7948617090938885,4.739072381996336,219.92226283385625,15.746842994537634,24.469806138375223,156.27956922857237,20.789483346356,0.28320461441954614,5.108277239450805,226.14902894422607,204.59812106271136,118.28182418034413,175.72061036984906,41.06980096159435,197.19644151597927,52.10833144323339,15.69533850634237,12.096368968638737,6.700080960926441,0.9879072821572485,21.973117937080726,10.26357147355642,0.7073631189816006,42.4554015959764,AFIB
25.878137471955014,685.382355148759,4.605185134701427,63.54373457306259,530.8652128681155,29.1472725890303,59.081054779879224,33.228353948148026,40.132874268347,34.03015766091497,897.6094529138435,1285.5787734501923,16.103579569464962,12.518339653190667,8.60207602078352,15.184694305972467,11.859943265462162,0.8598286328348589,614.7267755886527,10.999739273819491,65.56364730679259,595.1767326266167,48.29369322932649,1254.6049318917896,988.3978346182583,7.46952604309819,13.343430162048875,40.305531368034245,11.982665742381702,773.3243161452481,33.746364392365365,11.883882732858465,42.19010702161384,103.66528258883777,100.22755160086868,10.362257000152217,18.057796427581934,26.917985041560396,733.8948945456217,76.55982027475112,32.96743782382605,596.1601031879409,8.759519189282798,1.8816528341512093,21.951413401009038,1048.3664410032684,684.8053276133163,842.6884087621486,732.9712992757101,448.3065269654491,716.2186719931688,14.505993997480042,46.06254595215356,32.55544020195883,81.70530712985735,1.1651794745488622,60.31458185003428,16.39286225583845,7.819501751534422,669.4046088470018,NORMAL
5.592398577613797,685.382355148759,26.142023212869216,96.89718790459612,530.8652128681155,16.5100063332889,22.073376279674044,7.422394661605714,68.48515214735677,10.539777103721962,897.6094529138435,1285.5787734501923,1.5125492536400211,54.93681352004661,67.16201566534487,40.73700880160926,77.94097320192984,17.504882929113343,614.7267755886527,1.3544562504445272,5.767809877558291,595.1767326266167,74.85592911117746,1254.6049318917896,988.3978346182583,9.518261640362807,24.838856959780376,21.308796534655166,8.520032042349113,773.3243161452481,9.331432127175601,58.46824396008812,7.737260974413792,11.060769178867579,43.489451869396014,18.232792241633092,44.55374423856552,13.016190772986345,733.8948945456217,110.40813343107801,8.022511022994152,596.1601031879409,67.29743955066222,0.9225419570298535,56.080496859070266,1048.3664410032684,684.8053276133163,842.6884087621486,732.9712992757101,448.3065269654491,716.2186719931688,65.04051180577505,19.14426223418229,19.816771639095066,143.75013804180995,11.607997541932944,1.7125448580277551,19.95546746868077,7.49485269874653,669.4046088470018,NORMAL
23.688942197717736,685.382355148759,16.83572120479216,83.24390791300375,530.8652128681155,10.977018560726595,22.035819094426923,9.327513526374458,101.1379081762137,18.593169231127735,897.6094529138435,1285.5787734501923,1.2698375295154622,120.11093244959757,52.72717301335869,9.872514020404019,80.79419104757952,5.413194424879658,614.7267755886527,2.8815927123529734,5.735404507488687,595.1767326266167,50.72566783383579,1254.6049318917896,988.3978346182583,5.039017843977021,65.0322932007269,30.540544106387237,4.796218413639926,773.3243161452481,24.080672180736766,163.88404084929,2.1288769968608925,5.91277906643849,34.44540535888662,15.730590198632898,40.67769775194086,16.374124371537235,733.8948945456217,100.12418845665658,28.174757115383425,596.1601031879409,102.84204719774847,0.5020314310786882,65.71421727758927,1048.3664410032684,684.8053276133163,842.6884087621486,732.9712992757101,448.3065269654491,716.2186719931688,83.4042526911085,31.49948065209732,25.969770114903866,139.51396144494984,1.3067626439315274,3.6328050666673053,42.915831475784614,3.683263845231576,669.4046088470018,NORMAL
18.551298355662848,230.287517019893,5.878815741907053,19.89291053755537,53.368593456445886,22.808710085465677,25.38286124675558,10.527230756168462,37.0620378220863,22.70628326594057,70.01568357589449,319.35940082776983,9.305210052760485,35.45424298627829,2.245798190504857,7.313860334971904,22.780554306615883,3.6250879763746333,81.00122129566985,6.293961503340762,30.759075473744982,127.58198514646412,22.979119121264848,179.28319848195568,238.51984353757965,5.4035792531358195,12.120136014426148,11.012933801698106,0.7883823915054678,178.15969138588997,24.081395258634178,43.362684934991414,4.956168708724305,52.788635914620606,36.94678342022871,2.694477910922989,7.170248066480438,2.664321776951631,169.89865661141437,12.471356650375359,9.400728531117133,83.27471173292639,15.519543089393991,0.35273171364648576,4.5575819704419684,0.0,143.01892196083548,159.19626385699405,128.0453522379375,149.4782784658503,225.90002176195176,21.24893722444339,24.479876940719752,33.7727497592315,14.035157729466565,3.6783420990712674,13.78659713011422,13.804964227039273,0.21365114163078774,65.25281307690305,NSR
10.995763472170307,685.382355148759,11.56868340744641,67.96612775002917,530.8652128681155,11.891543242771608,25.647301294966336,6.655764140538166,97.76122578665253,27.67387764559235,897.6094529138435,1285.5787734501923,2.113918306807593,123.90501280060002,32.97556327537376,11.659959187386372,98.09569513089211,8.646078664268584,614.7267755886527,3.8018666245498993,5.427796714391584,595.1767326266167,63.93173636430633,1254.6049318917896,988.3978346182583,4.557735440816318,48.01588152258717,29.877212510691972,3.0532461336648553,773.3243161452481,15.805668297931721,125.19901813332727,2.3983110974536017,5.20265702638062,43.051690924141965,16.815830030942063,35.69272314386901,20.873592571851976,733.8948945456217,86.45742337086928,20.829010017527807,596.1601031879409,84.14662678924027,0.6489826548816102,64.77104105434952,1048.3664410032684,684.8053276133163,842.6884087621486,732.9712992757101,448.3065269654491,716.2186719931688,87.85611843460354,20.821217672827473,11.107593041619817,134.52979208680628,0.22612846034814466,7.332351155864296,26.773291550799524,4.311368380655737,669.4046088470018,NORMAL
58.67270868624284,685.382355148759,5.4998231795909405,106.56965017149625,530.8652128681155,68.53952212270761,82.5525182588187,33.29398462558814,38.27142390424915,40.053885165965205,897.6094529138435,1285.5787734501923,30.640266740709237,5.8648368544054925,8.218853474376974,36.71160500247812,0.0,1.0685112046059384,614.7267755886527,18.564845446876593,83.61368541699066,595.1767326266167,88.95888629553399,1254.6049318917896,988.3978346182583,14.333073386333936,26.733891473045507,41.24877275942932,18.531299430695885,773.3243161452481,66.79954333639313,5.5766775744140205,55.61647367934042,100.77861287230904,73.36492342319616,10.485554706679071,15.416440616594699,21.123412260448532,733.8948945456217,82.80519546872192,58.94652999782964,596.1601031879409,11.326472852688566,0.47964408746990966,10.463877971555128,1048.3664410032684,684.8053276133163,842.6884087621486,732.9712992757101,448.3065269654491,716.2186719931688,13.0562882168064,90.74680308669502,68.90756419342617,91.81629006446413,2.4715095850315127,64.76616907130057,35.33935973804944,5.263445034285656,669.4046088470018,PAC
2.796327327855128,225.911596565928,3.7151617032641715,20.371107974651846,94.86166935832222,14.105392430476304,14.101994371736412,4.512584898420526,30.846125491685843,41.871595270158274,142.39271577926232,256.8848860443504,28.936514028084055,33.994324361149516,1.598518935714232,29.624434012667177,34.40499751245816,2.463919770318736,119.96841861503862,18.951663607673307,13.994459247847473,124.38699391585587,32.41674246302041,269.7085856001013,211.13040067880988,15.857868023803126,18.746734752606713,24.989648449424728,8.823386086224385,223.80554060410242,36.80073168836501,34.15679412411489,20.480314773020854,22.767374542406024,46.96404061913595,9.274209768429216,7.358382630663961,7.845088538433966,199.39929490031136,11.687736438215936,22.98380098394406,105.93878118180729,24.36813370629376,0.5590351183930831,7.432567196725278,188.04028999074362,146.9767814002646,179.94485432645206,123.97977844200656,116.02591141592343,166.23908685639915,41.69909308584482,15.096330175560576,5.613693858696801,11.7628680114186,3.2704123804728082,44.66757515076775,11.538623016645063,1.421150233734521,77.20250145628353,AFIB
9.819047106281419,107.45820990539384,14.901465990201192,32.74854671145046,46.69432695672736,34.74858312905797,50.55832762880716,8.477133382013356,30.767675875954257,3.5732988464185897,191.97895819525684,274.2506019132008,5.815990712177557,41.11219350439798,4.725197628226318,19.705045945350204,34.51883339471571,0.988596129088708,31.4559354604856,4.672986016580645,13.274761869119256,65.82918008047143,90.75453427109548,296.7090348396835,212.47401542514754,21.893804156615694,8.387330444634014,4.8284601459910395,17.57840205585496,164.50499096251102,6.659555568872187,40.74804500633315,19.398838503331692,28.143943179580642,34.712530542265824,2.185645264080844,7.973314193445992,9.458772742164609,184.1377122230531,9.700116362776793,6.5665268045949885,148.33610680140308,17.983537340415857,1.593837065040848,5.4845092595064076,210.56896957612565,236.82644948910564,171.59192276611503,129.78235153022473,125.30036528703674,209.21005542363343,32.40325378018124,38.45994372653381,19.72411496694216,17.798077208145145,6.52988101899353,1.682920184607351,9.403706952190783,5.178564182587869,76.09511828472121,NSR
58.093833632266076,685.382355148759,8.122360444269535,103.91203092048875,530.8652128681155,87.27575851500718,96.05472249412128,37.819414105675754,46.71321854786503,30.166392381627855,897.6094529138435,1285.5787734501923,42.56299639762796,21.056669883779747,10.04141761898484,51.99521547124656,13.348063715222233,1.302263707701613,614.7267755886527,13.218509408784705,79.34408123886693,595.1767326266167,93.24805007161596,1254.6049318917896,988.3978346182583,18.08925065625694,22.17996782495882,38.90626572542074,28.565181879429915,773.3243161452481,75.64906448299067,20.795269593845898,75.44374424998578,98.0599626361646,66.07020330678776,14.862692944166213,20.400068967496544,20.09647135205696,733.8948945456217,96.19388427289257,60.55803276956377,596.1601031879409,22.257343222895916,1.332272413273881,11.360706234470925,1048.3664410032684,684.8053276133163,842.6884087621486,732.9712992757101,448.3065269654491,716.2186719931688,22.299756870463654,98.34541062526672,69.18135362854353,79.77908356173818,1.9849224605797688,23.551600825107577,42.11826735843069,10.142305291551677,669.4046088470018,NORMAL
25.903060899899394,274.3328136359533,3.35664946455786,66.78941940064286,30.947896090451668,21.075842709036863,38.090130286023374,35.61471722665303,23.56116678687627,39.01192062657088,73.76635843605345,458.6376250496293,10.54658112854258,17.814076885647076,2.1873323724360323,12.335892342466675,14.737795891500024,1.8858014611174208,54.82619374782285,8.572875635999887,66.97457305421261,69.67976302961142,30.66588607308542,64.46383651102603,275.50839719015755,3.6838540160138207,17.89029824564744,34.93755325556391,1.5045845445938486,271.9459748197754,33.67567010453804,19.741547808528093,4.40082365882114,89.42029274117475,60.18418626667593,3.287286863570244,7.877163945049589,2.347680272354857,278.60875894007444,19.8955243714888,22.88896071367669,198.19430530439968,7.27335728805399,0.7364317258865987,4.150393585006852,216.1115851546524,220.63904230720888,201.59614592044827,217.88890295088532,77.10916472002216,282.86856570375437,16.952755461448422,33.74960934087485,37.38984845033656,9.490850147401826,2.218015247068457,16.624152945203882,14.667362972918886,3.3714292829362176,34.530859495716534,NSR
8.968390301431235,136.01589547433525,2.405999198406463,9.868146207328895,147.32718951632057,9.655018002284352,0.0,2.1797957445701823,54.801658011842974,50.70504130679131,287.04064291862466,192.09882308001716,8.405584119369088,99.10771965415823,3.130946693360037,31.653216093409295,100.57355001462722,5.857258284089621,216.64391679299933,5.473878356228528,3.3618888569803485,186.55685848781155,23.21654535623683,422.71103084942433,192.3453664281455,4.877592334926134,30.599990960439126,17.495418426540024,1.8453808754800431,123.254480629926,26.558998091885798,98.75060725836953,6.991465544098033,9.821840077158502,32.41935791520457,10.851388360990883,7.460126411032546,2.6441976268925846,211.04466144077853,15.963950166477169,18.874738543925012,77.99295912619083,74.43535160639127,0.564035607498702,14.106555957539562,276.0757536833237,248.07851757540297,180.57658472768586,84.589380234179,174.48262957699475,171.61414763333704,78.48614980085972,15.047455479027887,13.951941068040789,59.48230700614145,3.5757833959381675,15.824373895126818,28.810215798337055,1.3205866352186761,193.69753074339556,AFIB
52.05140405214429,139.97688128791515,4.261559936647457,52.751117742897954,122.29637876084004,39.68888259411216,53.85629947164116,21.871048834261,93.67282200377659,7.247555491974107,349.3853640686618,198.99730313159188,8.280077277464796,58.792127161627825,0.8238632040254081,26.830284255808476,66.44229667353801,2.7505917807510794,193.06472548792692,13.23208578805028,13.525068298602587,183.2856362494871,31.436033080538436,310.3254171469064,194.6617665439684,16.70779159680757,73.37268053126668,23.32424196635919,7.855541302012512,200.22284860547174,42.86314208972624,58.83817037438258,22.177470428555637,12.243020784020043,15.76205135393418,11.152691583136656,3.7795455077116253,9.678221612084904,49.45373119687678,40.45104029214014,56.28602288945765,216.22823308935867,71.54065400025178,0.4792241542364283,4.231880525680079,314.44425056545845,188.05076796876608,267.2793115401045,163.63703704324712,125.48935781030895,25.53547495330745,97.84323749790583,75.9749757380806,52.57589137668075,6.871404691124054,1.543533594588666,3.5713619638924707,71.60208102922432,1.3764882421136366,271.7466815613903,NSR
16.029044233678736,112.90109143372062,22.54013834449898,46.763474303283814,42.0319751957063,33.59451193471587,54.6281772012196,13.002424387900989,54.8858419993702,3.748428421614987,243.39411930923043,289.8730601303779,3.1463388891091584,29.154101524849224,2.553846879467253,14.432874175346226,27.64079687759541,2.3545516884809192,30.3735201564087,3.4827665832967942,16.830493364149206,85.1123341741361,91.04180004168525,238.84622238443313,227.69387757679132,17.852813976208047,11.237820521445908,6.916944539016986,18.328919865409745,169.90509553950614,12.680842799628696,34.653961713785584,14.759329908890843,28.976042499108722,29.102047346847577,2.2395209241656704,7.321328915828141,8.604943353740968,141.25972022504794,17.744918116678107,8.158907955435904,179.89648030079195,17.90893048852278,0.6364179022196699,3.947137476404081,211.1551838592247,206.23471045404736,225.8870328305193,161.94179166298147,114.6987713876895,129.42598545599571,31.71001732356405,44.79143630875268,27.53117790094601,11.184172054060468,3.7604849320418254,1.3064286114774246,14.780614331291373,4.590732786889384,75.22811694711247,AFIB
7.154473285046122,685.382355148759,9.371912718320889,44.678325153231455,530.8652128681155,15.391497036111078,26.34642151156897,22.238021271316832,37.80996476858296,39.73676899183796,897.6094529138435,1285.5787734501923,5.7257366061264054,36.396970568489415,37.697684983808074,22.892913177482498,35.16765291176207,8.343918495727852,614.7267755886527,4.359812593149638,29.678773493095957,595.1767326266167,69.85697825140012,1254.6049318917896,988.3978346182583,2.942113131867792,10.930842656593386,29.61494661926885,1.5746268638175454,773.3243161452481,13.111635866789783,45.19159905183781,5.534676814715079,45.42495050480738,94.81939431402701,10.402701803221913,22.40575667421863,6.770706521486962,733.8948945456217,90.11513985667933,8.685568163339344,596.1601031879409,17.599830438597504,1.3000452332479497,38.91541455291289,1048.3664410032684,684.8053276133163,842.6884087621486,732.9712992757101,448.3065269654491,716.2186719931688,27.673549431464473,19.918342670383733,13.183512597195763,121.39276257478471,3.147052037351775,12.97998462636045,8.093289978588787,9.750914524252552,669.4046088470018,NORMAL
64.44087404921149,313.41200237565977,4.64264327660964,111.32320087154086,22.657408757849083,32.67285924316625,65.55911411276668,31.71322913199493,36.94852236054597,35.70481085409321,176.38948644674323,642.7893867250962,9.191842148495706,5.750171036805557,2.4128682447853143,8.322783381902001,8.577143535824522,1.9802279400758942,81.08486296440697,6.913362057051891,69.34656237758283,105.33114967807968,86.00877139964471,46.45985026065981,446.60434372517335,6.261759340457136,29.049962443706214,28.991792003790355,0.8198854792118652,310.9744051168002,68.44212083796917,6.3757987793349,5.106128344692899,97.2176539759867,64.47220183485635,8.826129967422881,8.849361355178486,2.555394738275049,205.58819384211154,56.10526331703393,55.533221160356575,282.8385088777318,8.762361773212351,0.6081291518254105,3.9962964081061996,328.0659875622521,283.9506651165799,331.37011768170873,348.3920201027727,126.15980622167827,296.8376278996603,9.03520780744324,68.45283142418589,74.81977143192292,10.712619401115013,1.010350896767031,14.70535174361494,37.754942545370156,3.699944538370366,52.59840882808312,NSR
69.22372751858317,685.382355148759,9.389637624475556,102.00340853460514,530.8652128681155,70.12745613975574,77.02587427622198,40.40106648267288,33.69305346550019,33.67560843886105,897.6094529138435,1285.5787734501923,50.761018797204535,0.0,4.216096074757728,33.2490505253399,6.130757497326796,0.0,614.7267755886527,36.87259370238497,79.18623665161077,595.1767326266167,89.99684467611104,1254.6049318917896,988.3978346182583,28.297806060604405,26.314365946302168,41.71035483094534,15.243065537795415,773.3243161452481,81.27324023967898,0.0,47.69698037383584,102.13516329461687,74.02825127474772,13.276390583201472,7.343748831343952,17.18064056224983,733.8948945456217,77.72629085550788,57.541240496096705,596.1601031879409,9.954962963410381,0.9540624062967874,6.931277576393015,1048.3664410032684,684.8053276133163,842.6884087621486,732.9712992757101,448.3065269654491,716.2186719931688,9.758738525220942,95.75790456513795,70.95135967610628,73.02247396877263,6.757201353085548,52.74565764919653,37.60038909223557,3.5930351503836717,669.4046088470018,NORMAL
20.18415060249476,47.821694790441725,3.7184581936499446,17.299598976741258,179.80209464063563,9.628241261513551,22.692143508918683,3.1121844953562157,96.75730497462318,25.14741713246526,269.47687842658377,86.11714343567793,6.943432420353771,75.6062146856527,1.9300482584566536,20.397493727936524,83.21347626515649,6.222386598165441,171.36612493652675,5.716847669653589,4.584095713847987,161.42916406869824,22.320811701056254,473.60576619290424,94.83131609118345,4.229823102755568,44.80379356239009,32.54868811537317,4.0558415356393205,141.09672772090727,23.565880054874427,76.12723455580922,4.940968755482656,8.14259506505532,26.17056858412307,17.37148523594079,9.044884863333229,2.8353083910147427,206.853157651872,31.93454191084291,31.35246200504764,98.13404300954849,70.66110076030687,1.4208716267850108,7.965907636899954,293.893356931402,277.68890623389814,88.10304403467778,55.549856350444664,83.86585036757714,73.33031946918521,69.90739539157774,21.392178639884325,21.510771336293672,6.808844484717103,4.2599602483142265,7.255577053835002,37.19192986805825,0.6435454519340549,202.71479175570843,AFIB
4.594824438123218,685.382355148759,13.13561830499781,48.72834895158346,530.8652128681155,22.561924276045467,30.155632444679906,12.279990744242275,71.45878847029273,23.98281304700713,897.6094529138435,1285.5787734501923,3.5980471436807955,75.45381434727031,48.70588250015413,19.081480543762463,76.37435328433943,26.338187131121202,614.7267755886527,4.6637789533053615,9.95947322567655,595.1767326266167,78.76638540465943,1254.6049318917896,988.3978346182583,8.30974734857952,21.902768735204784,24.022065095273977,9.786821694619626,773.3243161452481,11.815361787459043,76.34697489857739,16.753113799150814,17.03632453558878,55.461393674566736,13.317251282992668,38.40134703494981,19.842665406774973,733.8948945456217,82.12158707692839,14.010254677954357,596.1601031879409,47.72978967745021,4.384093119967092,58.46950346680423,1048.3664410032684,684.8053276133163,842.6884087621486,732.9712992757101,448.3065269654491,716.2186719931688,60.17343352047282,32.942762916731404,6.652467797893251,131.47477372088588,3.5057132893780563,18.743624164589935,15.10015119530148,8.111902391565023,669.4046088470018,PAC
15.68991544143621,211.79188541880464,4.7860100541249695,46.94646575776648,43.647085406729104,13.864200499202997,28.587211032372377,31.278576606076378,19.73500762685514,21.55880640183055,49.99715214418104,438.36419686755556,3.8467320258365683,17.943772690261625,0.8204067251005477,15.210658488083121,16.173814045854005,3.5390296098933614,47.86581238406615,2.8231444268990504,55.951652101144596,67.33958467022069,35.60779973251184,233.1898487962182,300.05141944818865,4.02167227138572,13.82316992398185,27.644315464066942,0.6601567174715494,224.6225508771718,20.696126983661834,18.24691956685155,3.9344971504513095,89.04598462572184,66.15750724995215,3.1038216871088724,7.655311578915278,4.063267113897457,192.60522571486865,17.611058130944315,15.84243707780463,121.2181238881677,7.5237576856113195,0.3279297294971689,4.171185903364109,218.77352104714384,42.89881007805092,287.40874071103246,170.06860335123991,60.65611677450628,217.90110490597408,20.82789142655787,23.09217339120558,22.56371584621721,2.084322825882357,1.0689335218289149,7.038793044949507,8.51367249894415,0.4178515544422277,24.49148823824707,AFIB
14.473199420890996,81.23140835041531,4.914573009519404,13.466871433938186,107.6652293973758,9.89629511472308,22.59764473318291,7.34234497422627,52.79515705332661,28.68840292622564,90.25400030993086,147.18158908319896,4.67751055241996,83.78465981227608,1.6277789402936385,28.29448133087964,88.79141750931048,3.6868550905430464,74.77030729376591,5.353283472748806,12.234026025460036,78.88752358721734,21.193430203885878,298.2562155334092,131.6039337830518,3.4234994105324104,28.596650196338437,24.95359370280455,2.372617002147661,200.43594166761704,12.344924995716987,83.90986446728955,1.7732693866389067,21.34350903616605,59.54554325829874,18.87772059195877,8.478665000741781,4.039369976934216,218.93101874531806,15.13587247039231,9.834912355595609,128.87620678614957,45.61989045160254,0.8517714549473552,8.77614700764658,202.5848826366819,207.14484171683384,78.00708309867873,67.05726475804458,40.53902540259718,103.35981319898825,72.33069383806844,10.681216775846593,12.005225066764746,3.564731255514057,2.338080687026336,7.568827173639034,12.556663920297852,0.4669936241415637,71.8866530025497,NSR
36.44600337829571,117.60386011648369,15.700293169493914,45.19631734299495,67.65967071406519,45.39956184267245,61.07657744831709,14.831481212685999,73.00654153196118,2.9241743779430185,222.96167201255722,277.0608973712203,6.28053989882776,29.459112342122545,3.9497814998436174,19.43612914205382,38.94853377323898,2.9613293181408196,78.94266475487692,2.1242374152503882,19.231813942771645,120.77937241133655,79.35818168703122,226.79559240339498,239.92437446128793,15.074714156334762,31.959235580850052,5.557226552778673,21.579316796432614,157.42945876970956,22.793707260472985,29.653918550386713,26.186105700609826,36.220893901325596,28.950519552701717,4.56513190652783,8.88075352525064,10.476171357402487,173.1601758957304,27.72643272173145,20.257422738983433,137.47921945996288,35.34975555286944,1.284446253421893,4.185997425550461,202.17860734119657,172.80672301846624,204.63413160749369,156.06370214122953,154.5314680830769,111.59851721560027,40.778293693405075,68.94079197099664,39.01074851475006,16.187692689811303,5.735040957886841,6.265495738375509,38.429562289109704,6.568059813347489,153.8160127847118,AFIB
23.645822046114677,266.2307160260734,5.486119536342824,56.16358086631601,89.00141364813747,29.963423140979824,46.44102863838785,13.56717031631516,39.28369234012519,42.19019096755897,164.71844465731024,491.3093292491325,34.943494399233764,48.04524249748233,1.4552854719923243,27.27319013703164,47.86010856842861,2.833696353671833,105.59984194224408,18.485284130173355,61.82220004607673,138.33054567033372,33.24562406365672,162.95157329934466,310.0347534224811,22.435214610670148,20.784247919148665,25.127144681768655,6.631523866775872,259.1684147121272,62.81833257094585,47.635522162560456,23.225165516260006,76.44895242121251,59.62965989186881,11.74027613741686,4.637771577621181,6.702761965920795,164.40674515613534,44.76738436444939,66.01834267384903,195.67073857585902,45.50856104459192,0.68763976102464,6.220431596839588,201.45381424274635,301.23741866607276,224.29630851377013,244.00350318642583,130.05737274009024,302.6754722710594,49.834954565531554,39.096212273051044,33.81017212074765,17.728085067890916,6.33084427084932,28.308266063758317,57.351165519933346,1.2334823985652037,150.31650954331727,AFIB
62.937310561238256,311.5263477583678,8.994488819391464,67.89445911886938,55.87707783204072,45.4339398109731,55.47902418922153,38.20443213960456,30.0536352393277,20.333808461323564,106.22209818797012,572.7677436138486,31.358543711846455,5.819796566123062,1.056731184530558,33.414020371255674,7.216060815502816,1.659265246497963,134.50482772557044,27.43275758206456,70.03164232661747,143.2807915080863,57.88096542288758,56.86917848557639,437.22297367507315,27.76784262273235,23.1162329996428,36.83813783765586,13.297685386674845,339.86758326622123,74.20358176114082,6.159763994623101,34.78813057215893,95.47501584286441,61.0569565190049,8.7711937681213,3.9423953308038078,8.984444496724974,118.85000197003458,39.13497744246881,38.684158180049465,256.0690676896673,7.952553932016777,0.246762482283009,4.183883418786222,285.2651834644807,116.20790649613194,321.29689843464155,344.0295117694484,167.345922128763,251.39825123902148,11.542480250568891,67.27153086382677,65.29002226034899,13.90471108322463,8.149917163038177,25.451720491693347,30.50907448354053,0.2389275394136914,76.21741456574998,NSR
30.246936758466973,685.382355148759,3.6675551898909986,69.76766003124368,530.8652128681155,34.41177501257222,48.15485419209667,35.18865621917994,31.074535559927735,35.91416925683194,897.6094529138435,1285.5787734501923,16.94364777773534,9.21408726773403,15.050704537905107,12.633171226486485,11.5936631123292,4.053640592569385,614.7267755886527,13.152998307132192,68.40317380906478,595.1767326266167,60.21663383867876,1254.6049318917896,988.3978346182583,7.405117831090088,10.77851426120555,42.07397236933838,1.480168463404443,773.3243161452481,36.92116179751835,9.743696538817586,9.116101463211459,112.97707755694974,113.29012600233376,3.1055867314812207,9.40028488117199,6.759178683560525,733.8948945456217,81.23260423830408,24.281887635071808,596.1601031879409,0.0,3.3737701197359016,21.649844084420465,1048.3664410032684,684.8053276133163,842.6884087621486,732.9712992757101,448.3065269654491,716.2186719931688,10.70409027089443,42.233480162163005,39.611541671460024,79.31098002258702,1.0880551405519383,27.33333322310978,16.088703179666076,7.140987638073169,669.4046088470018,NORMAL
60.400983881526976,284.7353744919478,18.70356078268076,70.15819831688451,23.03921039359039,52.83972484027133,74.76917012000396,32.57222456611838,55.44711914295868,5.491484284177747,218.2123882758275,458.4006692688844,2.966935954987336,26.890730599453168,4.373617640298857,9.484958352797154,17.07512836416948,3.4390556634336873,44.42637829408686,1.1293223119363385,53.605413339019655,83.01830892476879,65.307853143184,145.3473272179057,394.58709769589564,9.038444222801388,18.719573128341246,25.55005315477564,4.131870537344058,194.57028509542226,41.55920867291011,33.56392896748489,9.711920976135925,71.47936873691731,37.52442054104527,12.824988025241575,6.957165976041503,9.723710342250683,226.46528907255777,49.66074265217128,30.68467641253274,221.60239803086955,15.667193683513853,1.3739686627731496,4.579890548136354,269.5090412912593,256.0354841767161,338.94766202497607,273.4476333712526,159.56909873520132,254.0679385040442,12.173807436456958,71.90830507667275,76.76496646111893,18.450162143585125,6.46320916873272,2.3480908296645233,42.451856853754244,6.369451292513214,88.59768398250374,AFIB
18.37097493752581,685.382355148759,6.329326649125791,66.53117302349074,530.8652128681155,33.616864687416765,60.94698294488456,34.009427044879466,30.996904581579056,38.200060322214036,897.6094529138435,1285.5787734501923,9.738946828403899,17.75327872958972,6.156537967204339,34.517808917653156,16.55033133721455,2.0629167332672367,614.7267755886527,4.6265629741202705,51.62584304677252,595.1767326266167,53.905598375477126,1254.6049318917896,988.3978346182583,5.461603348906242,11.330536261286403,34.51035592513577,28.443504873392115,773.3243161452481,30.684117332190255,17.254714687190333,58.69295700996427,88.34408753088746,95.20160079636378,9.784428154306985,14.620567541037449,31.904305106339937,733.8948945456217,88.14618186366383,30.504949471453106,596.1601031879409,9.104949692244851,3.5990671953397615,18.816781184252783,1048.3664410032684,684.8053276133163,842.6884087621486,732.9712992757101,448.3065269654491,716.2186719931688,11.915906798950598,51.79340243227436,27.57919074648403,94.08014125608604,1.0594131230894122,67.69243160972836,14.51975158371602,6.882538185971073,669.4046088470018,PAC
15.875774703236722,67.67142137377678,9.553470517680996,45.9146807047066,83.02812254868044,25.825692633221273,43.26540270777618,4.647769845852931,59.982875834908384,7.163338501932141,260.00486196642936,231.19314107163595,2.947582665860019,32.88133139497257,2.646802406179101,30.384643769194927,40.55698701875341,1.52781854963227,81.37755008557967,4.233053421568022,8.738930851085064,104.50131666274115,61.7482749614481,267.1492845780184,159.76965843613013,13.701097724517291,33.535743311960225,14.088694870382547,8.70093402680232,142.8421316012977,21.387456756360358,32.95759842577507,10.82342760490316,17.826105071537487,14.977495908691012,8.831071760732803,7.483455935659976,4.783398782945155,207.91895370020774,14.911172776649936,14.503822536604574,172.21373597517183,34.55096861525145,1.4710623796678974,5.6444064177925135,221.7291074396702,303.138671154956,190.1575878020234,117.61799496894547,130.03096488272533,123.0687356337681,49.18578421374493,55.13141746963408,24.544054864258772,11.648443396867282,5.753418674804458,1.5055923247420648,28.122027628154104,1.4840374017998836,155.34181069311313,NSR
77.75678661584443,685.382355148759,13.523790106901117,105.14489398159799,530.8652128681155,109.76127221314538,160.5301208886415,27.28662429996932,40.30764630404831,34.75876596593483,897.6094529138435,1285.5787734501923,57.46978102166393,28.30718090069002,33.48941230109622,62.75087578221308,22.949445452193668,18.1203831597837,614.7267755886527,32.85652782505875,56.662066757391536,595.1767326266167,168.9780594129454,1254.6049318917896,988.3978346182583,69.18093211945845,36.44708112654967,38.48532280340209,16.89947314422442,773.3243161452481,149.95307041750814,35.10241103844058,65.43887099847996,66.194475865195,32.3298795585203,14.80363878386562,40.84127563705472,14.54775558405733,733.8948945456217,85.42980539722363,83.7778521279531,596.1601031879409,36.12889181369514,3.1534806992929862,27.29956309036807,1048.3664410032684,684.8053276133163,842.6884087621486,732.9712992757101,448.3065269654491,716.2186719931688,23.02948156973338,176.98118289608985,98.7713924017512,114.71437025043052,10.956713358040004,30.601138562268268,88.5528751596242,2.2618766276591287,669.4046088470018,PAC
11.452288301196326,685.382355148759,12.718271478634298,63.79618480988327,530.8652128681155,13.56348671497909,14.922294343315968,7.099459306761015,94.0390957628378,19.463768033426987,897.6094529138435,1285.5787734501923,1.8104335443796615,105.41658059359006,46.97217613732358,15.79680623996263,75.51722666548402,11.632392641899694,614.7267755886527,2.7343309046942603,6.782225742632918,595.1767326266167,60.503704657290086,1254.6049318917896,988.3978346182583,4.797956046408634,50.488672096840084,34.06470508955958,2.9045262162949,773.3243161452481,19.063447757393796,128.00459323973467,2.112640520846987,5.912555210947821,46.094978808103406,17.769577168238374,32.004426580849014,10.97775112549837,733.8948945456217,93.51232065295186,21.21463877645887,596.1601031879409,89.11255004519295,1.0065917090227574,52.49005419292132,1048.3664410032684,684.8053276133163,842.6884087621486,732.9712992757101,448.3065269654491,716.2186719931688,77.40654568331183,21.879842890359413,9.537979995563704,140.50807037795417,0.9675270212813463,4.8899967544418175,29.99187644017142,1.9350673551759165,669.4046088470018,PAC
6.711855534118191,43.1431192611187,5.517558349044953,21.607919452617967,77.44993114127081,10.746245030891153,17.290942212732425,4.886919501088803,58.82915955177632,24.844620441962707,243.61617595132887,98.76859163191541,4.9140778293663425,73.36698325795999,2.8745570306289716,23.52750936412269,83.87332931189273,4.646671306044745,141.09208333071518,3.946680014112161,9.458807552275905,116.92095967049497,38.256103477551044,325.21408757693933,75.50129293787147,5.940982220719201,35.0329919066911,26.727558869054608,2.7703446893450603,178.08988443644796,15.620166302627007,73.58835501039253,6.701042365302144,8.777529726722351,49.44930257105292,16.250853180568892,6.69388290349912,5.205589413264715,181.3242002971818,12.11785293306774,25.491947684682817,112.79240433187906,57.8146442364234,1.2338976826516816,8.067704892596922,276.077142781462,106.20786798397307,96.52536604156388,66.09220318460419,45.53365999762367,74.46944781783213,65.51815087219276,12.488543522023203,9.466225495447555,7.652080844557115,3.177069646555217,7.904952322425864,19.814675996262515,2.4381320522676027,173.17937301573195,AFIB
23.384232818554686,685.382355148759,19.045179337526008,90.98740982455351,530.8652128681155,14.518853136006472,18.547181948647665,6.669844999970064,124.09071628105923,16.49511427638011,897.6094529138435,1285.5787734501923,1.3771383340593515,68.34665146949415,56.71279217707474,42.13214990362192,94.69674363092082,30.804494064780055,614.7267755886527,2.4208556683300957,5.760475822342337,595.1767326266167,40.54820181231379,1254.6049318917896,988.3978346182583,7.0167442872574455,71.3536602016485,23.712294290770014,5.817453757314693,773.3243161452481,22.205866959339602,72.88194091226622,4.1327453284397295,11.537772151164143,29.99856986910338,18.314073150643846,38.144714267126176,9.423368048399418,733.8948945456217,114.94914950374306,22.694956978653373,596.1601031879409,83.71446929557099,0.5720412868783283,50.264307385194996,1048.3664410032684,684.8053276133163,842.6884087621486,732.9712992757101,448.3065269654491,716.2186719931688,75.29111429328458,31.02597211409571,35.125423799822656,156.98301257064637,7.8612120256805476,2.4555261777545514,39.1294858712083,6.952129933442911,669.4046088470018,NORMAL
70.2923978688356,685.382355148759,17.890139909577922,62.5816185081901,530.8652128681155,78.77639339169836,98.18066311679503,33.72685435420952,61.041479650750915,34.09672298658777,897.6094529138435,1285.5787734501923,16.99854975987175,34.72613011434535,45.745038789344314,25.941475904051963,25.971366072756744,6.846912060028158,614.7267755886527,12.151458313142442,66.34919020615911,595.1767326266167,136.90759967715925,1254.6049318917896,988.3978346182583,24.805273347598106,16.037325553782683,47.199874739807655,6.510145382618012,773.3243161452481,71.56005261928411,55.064110245700626,26.713838378746438,111.43897268467161,75.19158459488179,15.947018124218209,34.93927230316992,19.366578371554507,733.8948945456217,90.4543380507088,50.79632893360024,596.1601031879409,35.42668660708096,2.3768429876663326,44.76422181179798,1048.3664410032684,684.8053276133163,842.6884087621486,732.9712992757101,448.3065269654491,716.2186719931688,11.330136016681967,115.20571464390265,87.4480655315676,112.63833505683805,14.455732252116233,20.83950369099936,51.02745476431591,12.575925250648456,669.4046088470018,NORMAL
8.349801585712111,117.50350724506367,8.075972668153135,31.03052504488179,119.06065579690815,15.331978335537647,24.978834826913086,5.514326665970957,49.92868505831035,17.716366369308975,80.33893906137801,207.76234825570762,2.4610271901677776,66.90438010064744,1.650885611761136,33.21551639053609,68.06712750989445,1.7714783896065873,122.82160196037677,2.6903290180807176,13.774488818146812,143.4914428614646,24.436399756687614,316.09595200416805,198.0612113868768,4.798460167959399,41.85230874731653,17.3987843528214,1.3425452775114195,179.10241060415888,14.590128359047139,65.27742079392135,2.992781015584388,31.095976703896127,61.13598530150637,6.6922837257289,9.712629856624321,3.7274461150042653,173.15270982211158,9.243690811393963,8.388697577910186,70.28621018885705,41.58247427970775,0.5213093754267548,5.273411659308809,155.08805154068077,168.8270629219868,121.20429764229448,78.9232601689539,177.90242722457512,184.33699575533186,76.70735265093059,17.24564386965163,22.894362225216483,18.082782947777368,4.947487838228282,3.2210474903580812,13.964233697913937,1.672732900384631,74.53698996107458,NSR
3.716527967253292,89.62471530299518,6.095969491527672,15.953871762387076,87.84826449300766,4.523413298892295,15.673967927508315,4.756743176887157,48.87363581583889,29.004206295375976,103.02191738346791,138.82477692668232,4.465235117989663,83.9264603673242,1.2075832996516283,30.056604440410467,84.12544943439072,2.036592460954169,72.02230365240953,3.5690530239086407,9.686837401280917,62.299954406014734,26.758066649008683,240.11640490057536,102.92471913011933,2.272549847757346,28.702691976483152,27.393605091396005,2.582714882247998,170.3644374221088,13.876845390832552,83.90173010194239,3.882921518474837,16.399981869936983,57.15226234319433,12.602393668199994,4.850809411513653,3.1821615066913003,217.09540673737715,8.985729649129992,10.722837734653028,109.49285284884239,50.47810241644151,0.4734841657073975,5.802364043114802,212.84895212235497,200.3125980511873,82.50811681316755,51.90464798864146,21.477511864240793,91.03264448844742,81.10841604822912,5.340489468707801,6.685287122473075,3.2450018421502453,2.6714795534129596,8.520257844191768,13.476579451155304,0.5985964653549644,70.75102043513586,NSR
59.1634023523692,319.81264321779656,6.244442712424264,90.0270356123656,60.261212866544426,31.606748598429927,57.496341154388965,27.595747285561544,30.455779075589533,39.211216319874225,117.15671696942113,518.713038259098,33.89762409342558,6.978311878426631,0.8378429782542018,23.88894130241358,8.32077655390226,2.311848078375057,121.11753558998544,24.144391102216293,67.75354475905822,131.70202645913886,56.717699420521015,59.89761797130932,412.96985394990395,22.53364459118015,25.23322336877031,23.928687414726742,6.998190576561518,291.84728431630475,80.6604262844485,7.15222134067701,16.60084713639371,88.92099494309224,58.59674323627285,11.000782078685086,4.36560504878642,8.8645098037714,148.40543483436758,49.88039323678321,55.698673522702784,265.84843824628723,11.13010161055005,0.35001375742870844,3.9108939733608166,308.48237067643066,99.35612238403269,307.3689374590137,298.060046883202,143.20374771184044,248.6822247846248,9.00617268115885,52.17224054187851,69.09224658721622,9.804649073309085,2.810370962584317,40.16875846424405,38.036655973324464,0.5201642112087548,74.62639739413953,AFIB
6.394654621268039,82.03936106650272,12.87747126600739,24.819105530854625,68.9237099006585,10.549519421683854,22.708866275257858,8.463691390006415,60.60536539901202,17.241895543305112,143.1002678056776,146.50570547729103,1.7581654925009993,71.69868783546576,2.897211375734258,18.027886899500142,76.09412897829966,3.0141439561384025,52.36325479169694,2.7472672173573534,5.980348937944489,47.61864465029943,38.704496644652984,349.827924743485,120.07278729386876,4.467152902775755,23.840143491645268,14.294502740737014,4.952618713205924,107.59689549380118,9.092799554607106,71.88096055360963,2.0440070157507595,17.66571811089855,51.358501124588486,10.505728319787409,4.623754205223337,4.636051482743728,186.78881233979993,9.689441731513075,7.838572546148101,103.05451390994236,44.04405746388529,0.6272491863337152,4.111799621393286,213.1282915642062,195.42283301139312,103.93085046776952,43.08817490626914,39.165154888498996,74.84100155802334,68.67532358785093,14.77038809641442,10.317254114394006,6.340347238082271,1.841557799567429,5.098963283906752,12.46604916053269,3.29008938040886,84.29520077105462,AFIB
56.39725652784303,685.382355148759,23.39883734298065,97.68366164914171,530.8652128681155,71.90335847543851,86.63577540243581,41.49499676176371,52.92375306707691,16.59378622334432,897.6094529138435,1285.5787734501923,4.471632563058255,20.467287158536177,48.62550002810264,9.690994271088508,18.00080682261127,12.346069637732953,614.7267755886527,0.0,72.4023812698035,595.1767326266167,119.9976924666196,1254.6049318917896,988.3978346182583,8.93100431350695,19.230721749451703,22.592296800187075,7.829250455408591,773.3243161452481,32.71606879464871,22.737599777204245,18.35170437919027,116.26940228453712,130.3221256122487,10.591975324289441,36.22166463817255,23.41093773276539,733.8948945456217,67.10792144580495,27.211856323097674,596.1601031879409,17.026295330785235,3.7802895048064666,56.64449793046679,1048.3664410032684,684.8053276133163,842.6884087621486,732.9712992757101,448.3065269654491,716.2186719931688,17.721264837392255,80.47261284311634,67.63703857889756,104.68481961592565,5.166324254598421,12.89123472323965,35.30983967803525,13.948359194193284,669.4046088470018,NORMAL
14.368310713308627,56.29486736260833,1.2900320279618334,14.643326299340673,171.77462537270532,7.121811485101,5.234884336502532,5.513001940850291,85.61884423721868,42.5236527684152,296.95514882989727,153.81186302534903,10.569701782756274,94.35816426384307,1.680596883957212,27.099464545373582,101.95431007836217,6.291129630407889,238.32436857787582,9.112818292775833,5.055372494488447,241.08622309683005,20.607313078435375,529.22459352748,162.18566466129045,4.674758481578227,55.145871927809374,21.807506365047804,2.588903616936996,136.9810825938437,31.5682374920082,95.30766005395046,5.292858095573375,6.052129553068203,27.919785385033766,16.023980315765307,10.053505744860624,2.5796002271824423,219.88710862702956,28.267775521419114,26.418881184718792,92.42513093734445,88.56794632322588,0.8416368108514597,8.603050025165482,344.5177468875106,233.7767184667723,167.07135155542971,52.23363021257888,201.3477702297177,141.28224791514774,91.70112177821402,14.999494173546708,15.455852148565087,21.819622572232255,1.581682975062126,16.333045681095335,37.14265254320122,1.270956204344804,215.3134439033134,AFIB
9.104324862452552,220.23201000872427,4.324999778353949,35.79906656431916,34.022586013462856,6.805550349952172,15.713914875379153,23.049973399191508,30.717838468639865,37.013508951700864,0.0,312.1734185283357,10.366373422396691,20.524442717835548,0.8779019321246302,22.032863660304862,20.232301330943763,3.5806259313858435,66.0067737563688,7.033404574050853,39.258090413795614,84.95270503507591,20.693349636927138,181.12128836795583,262.1114791715479,6.826669886490885,15.00445432448972,28.016844747712316,1.9338095115590899,283.5715846973409,26.549217173770867,20.65271561247041,6.37148108197277,61.76491021224721,69.5576952452835,3.1379983444049664,7.900888133229495,3.8475894861760844,210.37044024237272,12.737755984539437,12.18985715638126,88.25621731404922,10.699940481876764,0.19267357467093213,4.970680859050716,190.17660521676964,162.41103340821425,150.4662294220112,132.1420802143446,154.53756466032152,255.30493007284366,24.869992750648485,13.35849289153166,12.636931020444148,4.74539393807544,1.6013107011271621,15.324200130005009,7.789067364330343,0.4234524180023846,39.711237938025185,AFIB
26.08670615462899,225.61513812183077,9.004855758598191,59.22639641647123,23.796187175502492,22.312254384630386,67.3223103178498,34.642357762058055,21.75334178037283,12.777221712302984,143.74601790386035,437.8126765660298,2.7482814675624416,13.470055242426353,4.08559575587915,11.135060224029356,15.445243601627483,1.6339715377552717,113.09232266883036,4.328546620315111,49.99115258787907,57.70068583878219,61.93791183957565,81.75418448122026,302.8668657483864,4.287399254165189,14.009358847583888,24.175694019025965,3.4195408372741922,242.4595520597825,27.807508298978473,15.34601946491629,3.4648137597898745,70.31222041673138,40.895236283679395,3.9160080017149923,7.028695923775344,6.500973286423519,233.96045626017198,24.926023174572123,22.50520863638664,161.8525695340029,6.9106628615407155,1.1559557160686813,4.2803540078468885,234.00264387485208,205.42035776367064,202.47254450439272,236.1762148424983,84.76115903061569,240.53042865698004,12.026241871700789,41.39770600354002,33.260145187880354,10.765462017855675,0.8177730354110515,3.9239145347975297,15.61101291581394,6.03398698843841,50.02176451191863,NSR
5.747661265353014,206.83799632981967,10.691765293353512,25.95535166815114,106.37636417854134,50.15131856348599,70.13009328840567,11.724080354509988,79.18202154835038,3.396527748407951,275.1476058080972,297.5077471445116,9.313245686283151,39.41676394614457,1.1819196241156675,26.26972449995307,47.76203228445704,2.648465882528456,143.11912681181562,11.856855671229528,6.416532366648299,133.52062015216518,96.74566969197045,313.96657011764637,275.00660440874,32.22470778202964,36.3804394811493,24.742873504202553,18.624177582712996,233.2655492518319,11.080145738351057,39.3634812326731,28.323297759687716,8.48314368735322,30.64267054138386,12.945454016027123,6.8525971094486495,9.2729043521888,0.0,13.484004506447612,15.72381252931667,221.157994948554,47.430233242022325,0.12090739706101901,3.146395805762063,292.7563061746726,66.9007010861115,244.25634263831353,177.7295619367968,102.93091071871882,58.78774541935534,75.69419772774982,58.4321706250124,5.692543878932235,8.320795571781476,1.9286006311756554,4.486457944893276,17.167620872779207,1.985088958263271,201.4529861703941,NSR
27.988688740338546,317.40520576246837,2.83231093595013,61.34654966132447,66.71748545387311,19.04324069579546,41.5661498384558,24.158906077008698,47.38508119015039,54.0748104201324,139.45705347829366,398.5407697412443,25.84796798352517,53.95785150582815,1.5147999657432365,14.543007165351636,54.035440815352466,2.8381659126405867,122.87822019129655,18.904107890994815,48.88509886414401,130.52579396044922,53.89423895077209,160.2641490638552,261.3702496301824,16.351060434649114,33.647015878775406,23.199025166325846,5.824812024490347,346.51107255400365,62.9036673124925,53.97922245391937,13.024644061100403,65.08136620242871,45.76988724413861,10.914903326158273,5.985492167453814,4.656028989138083,260.26533558581644,38.90504874122405,50.43587891132649,201.1020454467057,38.15987210974712,1.1875795084241976,4.3674755618675745,311.2351944734816,262.9022510183711,212.73192502213837,207.43030507362167,66.9800458985488,265.24685820484603,42.005663484498356,43.03874322150951,26.389303689701176,10.79556836585181,2.730192611537058,30.91403279898336,31.452353033918026,1.2970500952879982,57.532060938378166,AFIB
36.15968112076198,685.382355148759,14.131360179744062,92.40671135411692,530.8652128681155,11.223377865570821,21.326842950586393,13.514550081621241,106.30898776892829,23.6689556160957,897.6094529138435,1285.5787734501923,2.5304281225026464,96.4121314417004,56.35436842783522,28.705805919519893,84.0424431671821,6.953529265256334,614.7267755886527,2.4485334320931607,8.998839059927429,595.1767326266167,50.82968116479431,1254.6049318917896,988.3978346182583,2.916654155442928,77.56951382919429,35.354710047661605,4.7256884668194346,773.3243161452481,35.830691219114776,136.280853003027,3.9587250258914994,7.772227334629251,30.16195898499866,19.48675697084147,37.0722883432179,10.887304964421256,733.8948945456217,108.83887032892912,39.30070103749066,596.1601031879409,92.81891246509741,0.8897902370871763,57.94557063259543,1048.3664410032684,684.8053276133163,842.6884087621486,732.9712992757101,448.3065269654491,716.2186719931688,84.9380146946687,43.29009930584247,38.69998007920634,148.54441402905036,3.4559487073298407,5.226588054048734,58.4961205302039,2.193594236434157,669.4046088470018,NORMAL
8.70628335451852,685.382355148759,6.3655729884427865,24.02972087912626,530.8652128681155,14.838023059826575,28.697805640938007,25.78544328481738,40.27658524692843,59.67614545689482,897.6094529138435,1285.5787734501923,11.460038961504562,34.12794723810854,19.615933844880807,23.350095579584814,37.28204758825962,7.677327654621576,614.7267755886527,8.057663766164945,28.773236355630313,595.1767326266167,33.424753579279994,1254.6049318917896,988.3978346182583,7.66622599316594,9.674624567406484,17.48953195969083,1.3037351782273585,773.3243161452481,14.677536822196503,35.37700412142621,8.539189520737768,52.687049687729235,70.9657731013163,3.6899882284762686,9.707995771478757,6.251332512150421,733.8948945456217,82.56091110725812,9.702762374856759,596.1601031879409,20.08815192159239,8.294721902873622,26.925909760695227,1048.3664410032684,684.8053276133163,842.6884087621486,732.9712992757101,448.3065269654491,716.2186719931688,33.51313208353854,18.060901209000413,16.700940467923825,95.34558381783972,2.866556565785691,20.127922346721107,10.1048987066335,14.518741060232445,669.4046088470018,PAC
15.255087727236905,228.55954526906436,4.826183953545709,34.25390119474148,37.19460760268846,23.548628867498795,55.339253705687895,5.586688554289591,66.79763184351836,22.3395621271302,194.55798191340858,194.0323718540655,4.64352552630635,80.31212043431434,0.9513625536857468,31.107794289122836,87.67620341308233,4.357836666382441,121.94738344181724,1.991970277052897,12.40682603353267,101.22429515618171,67.01778222684247,262.5247082626694,96.86350407811808,2.177949871715426,36.409511810182735,33.44996721134263,6.078424499252633,231.88663798124983,24.10937845086473,79.20804803947486,4.687986802668762,19.853451185516825,60.257627245357206,10.31174713783419,9.325118674396753,3.149154371581123,220.40077630443997,19.00728303064543,44.07616948007443,148.21564118541514,78.06350311273779,0.885532440550528,7.458076392738477,315.6385574717842,202.78915368015726,122.09400050946526,146.05942429478932,23.50141059809062,91.61385410652188,49.81145295013745,15.629599170918574,15.334174092405576,2.3486002813432934,4.4272675179734415,6.025266479823728,29.891432151616563,0.3238044500799281,140.34378583313608,NSR
19.042969870205912,126.34796399227504,5.585743976031127,17.38740619314336,80.50465771780348,9.69997836512192,20.95105306462084,6.496370675582504,57.343018370051524,30.36679612780164,137.99825146974086,162.65464762815125,5.479140567739149,87.87257880410301,0.6879661017248083,32.532621445147186,96.16555550531658,4.336698313453623,77.53589520136993,5.35193156756862,16.656265289844836,69.20151051339512,17.68372679610351,213.37315171500578,113.51517981399375,3.6029116131778376,35.09145931014917,25.2288609403145,3.096217671150177,174.7916694397954,17.866666940125103,87.9169423015983,2.9071710577603964,28.745480805959012,76.91591002710182,20.20107817780638,9.768221666921555,3.1410133018270834,210.9885389333474,12.939507488625855,13.305036307054749,150.73462746466916,54.98092490026496,0.8628839854594539,6.6167167064248895,246.8139355375765,201.51437098747738,74.98167117520524,79.41286357673772,28.35976106869619,102.67331626389677,69.46125749858284,11.906941653353387,17.30110746288296,2.701702389873331,5.040379797465957,8.69183595858816,15.70709071586569,0.45629541760417264,79.64420195110733,NSR
61.097413931131484,202.12175074375438,2.480850199606039,44.25646871465015,55.06391920221154,27.316511154119034,48.09936027525654,26.034890580486227,28.108963936786992,23.314596041430253,179.37890638929002,410.51422910678383,20.64544441879655,26.911784027100648,1.993570558426472,21.203052450606066,23.91010942082027,4.043521833994929,195.6981275448271,17.31620986017026,63.175627628395326,134.9482421201916,0.0,157.74818817706537,251.49633039962407,11.430255020697532,26.751127654265556,32.73481039856019,4.77703950782186,228.6579516496096,73.09338264761142,38.647503752347966,9.828555201691131,54.29375630003052,29.482770841236878,14.114671566423528,11.343484183088238,5.847430563914522,225.365378433663,35.239521580984416,65.29033674005503,226.11343108314253,37.584206734437174,1.6796704207728903,8.434616539722745,262.5078448382052,209.99270342920528,203.03342308892363,235.49244854700262,86.68485525307399,234.65169807458744,24.961602553514158,69.9191888697963,83.54846494243009,8.39526686390907,2.8356296198008395,23.3194716435655,85.00352727258718,0.9479230123351479,166.2556437962636,AFIB
39.253100467205996,685.382355148759,4.060961413798999,0.0,530.8652128681155,21.950074956035643,24.924431676969533,17.402114560459815,58.51651196402898,95.69227200285415,897.6094529138435,1285.5787734501923,41.682453383365235,87.72971074029411,5.274311352482523,81.6514442536666,101.9101317614221,3.5805182991936197,614.7267755886527,19.185215519091443,20.43109627752012,595.1767326266167,10.873223526671755,1254.6049318917896,988.3978346182583,20.073534789367468,25.169720265435394,23.74039572467992,2.2494585875662363,773.3243161452481,42.53444764186192,88.06627896858053,51.63965055988597,30.55912843650092,63.38992576507137,15.975479214984444,7.149564497222447,7.163110356180977,733.8948945456217,88.05856987627784,27.46830722094636,596.1601031879409,65.80955464557071,4.532817096238816,13.086032533801314,1048.3664410032684,684.8053276133163,842.6884087621486,732.9712992757101,448.3065269654491,716.2186719931688,48.96154190381785,31.64222310477506,16.01665901475494,105.64122006953842,3.3092496598998213,25.678320809512748,19.111205366234945,2.728681486221666,669.4046088470018,PAC
11.505419701530425,233.31487251878235,18.509185777124614,48.10023875072455,102.14919016364128,22.46361671758257,68.01805143005458,37.622574448260295,31.318736541518533,6.825785489348055,152.36703148874258,418.8408657374806,1.424714512499106,19.84945198322134,4.063460990499079,26.26436735460864,19.789016087958128,2.7010740649147844,133.04101051442177,3.394984442233036,51.420079630676106,59.8005349732294,91.1235079505164,110.80080825942561,281.0685184846844,12.245512297977273,12.912775652560446,38.73265175988805,14.759301909128276,292.1107503793445,13.690220458669403,20.351946388331523,8.709963499205184,81.38754028016437,63.97798761859045,3.573321662353615,9.499960457555382,8.981800678540836,57.81058177460423,15.006862305037732,13.685597689060486,235.66901089952808,8.15415549839641,1.0043376532206694,4.3404604484639755,278.53702527813556,35.2152181208478,275.97760742982217,238.03918481872134,65.64552984090874,193.7676923632931,22.35092003075534,30.538539441968716,16.37587758623682,11.199663309108995,1.0693986772875592,1.6676377534366522,7.13834119295325,6.0382456585813316,178.9780462941721,NSR
20.243310221927423,685.382355148759,12.004759637524907,51.4333500310847,530.8652128681155,16.56540775212023,38.02741257981543,23.65845191966967,13.562737268337933,44.989903832936314,897.6094529138435,1285.5787734501923,6.58953164871996,24.145793581086686,32.35829020698613,18.653099426567625,22.977102739762653,7.163562337330937,614.7267755886527,3.0629286033531353,46.294219370835805,595.1767326266167,48.97533832624018,1254.6049318917896,988.3978346182583,5.5558112002450075,12.857194018459579,30.833608572373524,2.0958030949691615,773.3243161452481,20.40387893415743,24.6817799562487,17.490386137309216,78.83036024202694,105.59398427319212,7.144034998042873,18.75853974514552,23.66565163287661,733.8948945456217,81.15861909149938,19.71578340826909,596.1601031879409,10.534592153425193,5.512453527518895,42.31703507969349,1048.3664410032684,684.8053276133163,842.6884087621486,732.9712992757101,448.3065269654491,716.2186719931688,28.638857542527838,21.213223254790467,26.29214879199828,103.12386973632815,5.458612319032203,20.220134213831262,12.598086818885273,12.029190722853139,669.4046088470018,NORMAL
27.037984888874224,234.22501755146644,1.668929644614719,72.8552566189001,54.46005147254224,15.412505640847474,31.855034415782058,32.3069304459599,47.42392471174841,56.64799173397206,198.10060408023253,417.58284400475765,18.224300638000834,40.89357757460526,0.9363433280887807,32.08365641121977,40.197944764614455,1.4545315793926767,121.92618307107011,14.225005684731476,75.2926789259747,130.3668374391867,36.84505410847854,169.25525645166502,308.44371724552303,7.016838314888303,38.879279687454044,34.90457670662607,6.82532505092859,354.6634718838362,60.50347310508701,40.958045247289824,8.719953937340247,92.73016245200604,59.455863431592135,12.796303516520792,8.504993911276518,3.053700629645667,145.05948384263976,39.60957715729453,50.72257092936613,252.00910745589408,29.693434610125276,0.2722922989103054,3.6576591088669055,333.99516048188,39.88452000416209,271.842152213639,223.26938662627063,63.300101911794684,267.4265899327516,44.426535172386615,38.31049041372625,25.60616940123009,7.224998665623096,1.0881736260776516,26.044358796008186,30.207072576664245,0.38632426001283543,50.96990854762767,AFIB
13.169669768990392,291.6510507314792,7.59499429318459,40.73358609219373,63.73118257159695,25.176331508641102,28.136857998531237,34.88571321116684,31.040519117908303,49.32674624105151,54.29708197603484,419.94444159461796,56.0174652281103,21.437774391525164,0.8569177374943363,35.77452349427463,21.508265811235784,1.4271333645981406,123.46743942866131,40.018131970874855,52.06686720902187,110.3187528066812,26.014780712439514,91.29016416956331,287.2790392670079,28.85101066209449,18.349687343671462,32.70602125489889,14.033965002080578,320.9401740200366,59.00747265537472,22.34185180261282,34.36184801306278,83.58015658330162,72.82960816650683,7.926722453179623,5.779064693742209,10.454433293259449,337.9046228607274,14.422901192509997,29.03351409315431,195.14923253905928,14.4099557017062,0.16593288690694707,4.644511037637665,241.16787528558493,227.48245165273818,165.75314007147094,226.64502373903136,90.47664452205595,291.88851408472357,27.66292855022705,28.26238358574252,18.575137046926177,12.796251642968489,6.360076177256611,61.00225054181545,11.204630517477254,0.23666134698249555,49.319176485040906,AFIB
3.9858323774279953,99.63742116328233,3.2481251285888844,14.019209543100114,121.27738770765323,4.953986210885595,12.97128155982425,3.8877565611178944,32.4865896624607,29.16444312074167,128.1372575034772,162.39814838527712,6.379863153821554,61.80516513234354,1.228516866538176,22.31820437528558,66.5876757876689,4.997935547691355,124.45106668560318,3.814074534974124,6.694135613905462,147.18118345786917,26.407270184583606,342.09690271563426,153.2943573215984,4.234867397333006,28.054022441889153,18.785861603458994,0.869293438224289,195.55771570269107,16.092547460491115,63.91704631806398,3.668134625832521,14.474797670108577,48.90908371444297,6.783504460360382,8.950963636454007,3.766412398653247,193.14945757452043,9.963465437015303,11.427002080536571,46.1662015119933,43.99947309506347,0.5488503828412605,9.528634748271536,164.13850485433218,180.84261339417307,101.9026286483389,56.33659541153419,137.6039696215457,144.01831303446312,60.109912519778355,6.648742046611035,8.364220116807013,4.775529291746841,2.879205258023524,6.282256667028826,13.09559507524302,0.5553307224767688,100.8688488384032,AFIB
71.98936118998968,685.382355148759,20.14832442762698,66.43159779963395,530.8652128681155,95.85513008045176,82.34850475314188,23.081067258689963,42.759888496444546,13.672734861755174,897.6094529138435,1285.5787734501923,32.63265108556924,22.90344217688637,10.317861249519034,39.182142779040575,19.759095922140602,2.927675332772714,614.7267755886527,26.46973835341121,40.184856083024435,595.1767326266167,84.40047056858886,1254.6049318917896,988.3978346182583,49.9531499261019,29.594678119213427,35.38672423351141,19.488721641119994,773.3243161452481,92.29657116080817,23.140043955031718,51.365097989948545,60.79454693296473,51.59986127901902,10.877369877417788,11.351347040186234,21.029702759239356,733.8948945456217,59.696125523359925,39.52529539688707,596.1601031879409,22.451371872558614,1.330266456262903,15.260542803329542,1048.3664410032684,684.8053276133163,842.6884087621486,732.9712992757101,448.3065269654491,716.2186719931688,23.748047820895394,96.8975943860064,68.64977744268334,62.143150129251595,11.917100367679106,17.221719803233235,37.32202793473131,7.952384509531923,669.4046088470018,PAC
4.559274791437089,685.382355148759,23.915475627942776,71.29365981266987,530.8652128681155,14.450424377755482,31.8080636627029,12.45675964826205,50.56728847941701,11.6034165897338,897.6094529138435,1285.5787734501923,0.9864907123194747,49.50635561047315,57.46829865299394,28.407461806553542,51.35326958806202,14.426418341131267,614.7267755886527,1.4471797584254373,10.900208159359568,595.1767326266167,68.44889301408938,1254.6049318917896,988.3978346182583,7.787776186287422,14.523230921503915,10.784286575039665,7.7619619113704434,773.3243161452481,0.0,51.599182903535144,5.809132038226727,25.407116155200733,56.27908802001988,6.838319836008531,44.427420474429525,21.422712470665658,733.8948945456217,95.37636832960258,4.072921821308947,596.1601031879409,25.730066841660026,4.635185984345261,53.55995842263251,1048.3664410032684,684.8053276133163,842.6884087621486,732.9712992757101,448.3065269654491,716.2186719931688,47.766407734232224,16.774422545850268,9.232241840330278,118.9378651681583,1.8493714827342373,1.4770741319466505,6.382463653876123,14.4569485822825,669.4046088470018,NORMAL
56.27004662356146,313.4407005060826,11.498642689983745,91.2863591882168,49.320144666711556,51.70148834567723,79.86835248026321,38.07273774621443,36.439603573639985,20.433965367609954,132.34817949256015,552.8469147208283,47.584746082955924,4.028789686876305,0.0,44.52998074603422,5.465839096138473,2.172956400186305,153.02694441444064,43.38836762406165,70.09240144032893,160.29945959726697,68.54253250597486,90.37273217985879,472.16161000284626,44.07021671672203,23.42171281905985,33.97323994995472,23.396299820308336,314.36107047957137,86.32504089082268,4.539775553549072,44.39677899899129,85.75281436385686,54.361979734552776,14.648209398497755,5.3468851416671175,14.098138551646903,196.088111073353,45.16585490959529,54.01872013228673,298.08005159397044,13.391269037302418,0.3517098493167788,3.255332261411996,282.80763283641454,286.3622252091812,358.624280956001,358.13335922243124,186.3084108032119,269.9097013146808,11.170375178944704,94.34192131272009,64.1933478889668,13.567380226856299,6.0177364015801205,33.42101147487337,41.38625801039345,1.2371137593228696,99.8903491632584,AFIB
7.2508413050677225,685.382355148759,12.138785098285378,61.684825475711875,530.8652128681155,17.7955652493764,43.4725584486607,28.38519448870584,71.90559606314143,40.83611515217036,897.6094529138435,1285.5787734501923,0.9550935383989909,47.211607626538736,33.800148183169306,27.53414596319106,43.81248156934489,7.485820600828687,614.7267755886527,2.3880475286622795,23.057434320091094,595.1767326266167,60.562535022116876,1254.6049318917896,988.3978346182583,5.912894553001155,11.168077911536276,10.063693150835638,4.963295163464828,773.3243161452481,8.650104532784557,47.58247421930287,5.1843979636284665,48.03705805777795,82.08373816768432,6.078181878374378,41.12148519428214,35.22600469580538,733.8948945456217,78.79828803489696,8.803550861435056,596.1601031879409,26.193183609288997,3.9741943577236385,56.3995226108511,1048.3664410032684,684.8053276133163,842.6884087621486,732.9712992757101,448.3065269654491,716.2186719931688,35.982224742404355,22.25764178794216,13.935857802633642,105.34753578853571,0.0,18.159424208181143,12.538269429417873,6.56910309823453,669.4046088470018,PAC
2.5535737827589835,104.33789925776799,6.2364820586687895,19.356155168064276,152.33977014008968,7.259430957130414,10.668588784855958,8.523540280438041,46.462234699050306,33.02072988599646,140.65021061282727,236.9522047995284,4.936478575424759,74.33118551852941,4.8553865189175065,27.156011722475437,63.872637708790506,2.8944821833337477,175.74795723898666,3.607768897215997,7.610246414063622,159.13768233286743,44.506764707232136,333.1646806118838,193.03039236700326,3.661056129310687,12.837884292111264,17.23810287661775,0.8176684271030119,161.3205135955215,9.78866299681608,77.30074524631836,3.1777331803763396,14.378014904635714,32.63938316593056,12.498990581373278,12.291609117060691,3.35698607561823,234.44488705306063,9.000080126174113,5.012211552105924,0.0,38.423646139413904,0.6515662586482783,7.564368009489059,144.87963539812898,208.77023654760964,177.29055783120629,49.56940828719956,197.80649356428705,193.25099629690314,38.090906438753294,11.940350151337148,12.454936013786504,40.319390196937874,4.193524282301617,9.83705705064264,10.223221243267593,5.983683153416701,84.88510584994923,NSR
3.3882585164316756,92.07518267986241,3.069411546922593,10.68673905184534,113.68435453417075,7.447130871373398,10.370698571619236,3.337264172368778,49.41534584246331,32.809735384213326,161.7296128143373,174.15616472577418,5.332672062342717,66.65915324630377,2.3980262333087645,28.153036137658212,68.44290559631865,2.0662400930952685,132.11948787670667,5.209513228452986,5.267633947569858,149.38550015933387,19.630631157466862,406.4155459716429,145.39151796445307,2.8832471210093855,15.974313757906934,13.604393658457509,2.9426568606588224,141.57657269254807,20.745117285433636,66.89176859488812,4.96821036870739,7.0092924852370855,41.527586845257254,7.138326977049889,7.95960139655228,5.092224851311698,203.4788119466114,14.76725568829402,19.323258384038926,74.62591190003913,38.68849843361279,1.0205389548912451,8.417597532735094,259.03880113172664,147.62440458051594,164.4231000555871,52.33276077934919,148.19399588765626,113.27254219028698,55.82279755040557,12.003123613773191,6.69296939778727,7.786394984522161,1.0764736887765096,10.803306077662917,14.253084805197195,0.8719555416719242,123.17466274756386,AFIB
10.508417096488447,685.382355148759,13.4578159145075,51.75594778453477,530.8652128681155,23.410141921664568,39.41264858301233,26.28496906611968,39.77967570711653,24.602121953511556,897.6094529138435,1285.5787734501923,2.9185684179479177,27.700511015020805,43.937012242349574,11.2767367391944,19.960201322643332,8.078734907298934,614.7267755886527,1.6343825913612164,38.275399644771426,595.1767326266167,65.43298692868403,1254.6049318917896,988.3978346182583,4.676798816343263,10.153451513133547,27.111127050296485,2.45989553697396,773.3243161452481,11.80756423170739,39.61179409542285,6.376909512526147,64.92990617371127,94.74162257613627,5.770989847597529,25.963803624153194,8.489809043344966,733.8948945456217,90.3434408541773,7.895034271756735,596.1601031879409,10.556475096949145,1.7938593176249884,37.24274179466379,1048.3664410032684,684.8053276133163,842.6884087621486,732.9712992757101,448.3065269654491,716.2186719931688,18.83977689801745,27.486373954289267,24.804387241575824,112.5518718248678,4.507419676380171,8.223197544334047,7.298153568254355,10.465440970520532,669.4046088470018,NORMAL
55.708276687003135,685.382355148759,19.49497709984759,57.28264844368774,530.8652128681155,88.88598310125384,89.5311580452856,33.11884524291218,63.5353988124307,54.34118273519129,897.6094529138435,1285.5787734501923,56.153480941088105,70.82830742575669,27.651991158234114,41.68325626143372,57.4110927099879,6.481107876710489,614.7267755886527,8.399639009388192,26.99591187120607,595.1767326266167,71.97884127243283,1254.6049318917896,988.3978346182583,44.74722481458151,46.17068827992388,21.196169936951414,29.010590266956584,773.3243161452481,59.47219855795516,70.46881131692969,70.59121363622636,49.123986941274964,59.99007851221646,6.469234776441717,40.82733261599976,20.18610093582579,733.8948945456217,41.8503336520332,60.7034603641923,596.1601031879409,66.47887134149126,1.1206868959549587,26.509261065380166,1048.3664410032684,684.8053276133163,842.6884087621486,732.9712992757101,448.3065269654491,716.2186719931688,52.93982391421486,165.20912071571036,67.3962561764363,95.66220440370135,11.868600804353042,71.74028593236737,61.53215595452642,4.930915769253475,669.4046088470018,PAC
55.82986906917098,685.382355148759,5.524588603101377,99.87081782739368,530.8652128681155,78.26492454730607,94.44827976478547,35.60971608263098,49.075724523813285,19.67795236625275,897.6094529138435,1285.5787734501923,34.71706093506283,8.506873880044077,7.8085176395266735,37.89508203991678,10.170015766083315,1.2148198532949044,614.7267755886527,14.734935777194343,80.39757028418704,595.1767326266167,80.02182788291145,1254.6049318917896,988.3978346182583,14.985882218253977,19.85044394382312,39.61233117074113,36.77399861226706,773.3243161452481,61.37662359948246,7.8834172325136445,69.50750188854357,105.27515943224,70.12538567578149,14.79281051989417,16.595087563606096,19.27475300737412,733.8948945456217,104.07234335911261,52.511519977859486,596.1601031879409,11.44570715090073,3.2347054635959975,11.33109478130803,1048.3664410032684,684.8053276133163,842.6884087621486,732.9712992757101,448.3065269654491,716.2186719931688,12.737241006330095,92.65500879974994,61.71387978462063,66.78812274806688,1.7838878980547384,31.211953394484333,34.886440053997,7.6811493388142305,669.4046088470018,PAC
16.471021554679357,198.53386258387113,1.7040107034698393,29.568921083351427,60.15067600069304,10.929496783406767,29.69459030312769,27.39764464014986,17.3655831898714,53.75938432820214,79.79593230037197,320.2163243145835,6.656210371920505,21.76756763045777,1.9978529293877865,26.534346316104802,24.710085671863588,3.0499596507485394,103.5898885462933,5.541702949487825,42.88139747512677,101.5580978153245,24.732011111122958,110.81108542535924,249.8352492694283,3.8154653012220567,20.286559739644606,31.652841684309454,4.341434435758555,260.8666564718639,29.835597967432008,21.65236562062504,9.4940734742157,67.9523137047658,68.24850498841606,10.147942694202882,6.633930768209083,4.694883590721912,307.6955591931391,16.384024987705395,22.300290708189078,185.6228132723656,14.546111792980938,1.2425485327554517,9.33459455592737,223.84677454850933,218.90191303290814,129.12674094667085,151.0530573100615,79.90368695742357,218.65555408043033,24.75649631858224,13.22672261465988,15.44736362529882,9.11707889254399,1.4503304219590174,22.667312116975207,12.702517263610305,0.21597141724149455,44.60966065711046,NSR
10.334075570150988,685.382355148759,5.9076194624658465,16.67103879128404,530.8652128681155,10.236747455087839,11.492878901944799,0.0,67.92355427543936,93.20999732647557,897.6094529138435,1285.5787734501923,8.501899542585049,108.09517015315224,29.71833001935558,39.474266022734795,124.57744351766549,10.79775140062225,614.7267755886527,7.084553166522647,3.9642547573977054,595.1767326266167,25.04957924344462,1254.6049318917896,988.3978346182583,4.223506656313383,48.19323335604754,27.9997153976736,1.7506759449803562,773.3243161452481,24.406832995104317,134.06589722776695,3.7302184205694795,11.93428106982217,45.621990102395635,23.39842231003743,16.432513768211916,2.8346207883653065,733.8948945456217,47.66918482152658,17.710240760607682,596.1601031879409,78.43556204833273,3.3397858138732954,32.87496121432579,1048.3664410032684,684.8053276133163,842.6884087621486,732.9712992757101,448.3065269654491,716.2186719931688,95.59144359739052,15.095968033251875,18.762705939042924,141.65299081134017,7.220219033498419,13.251602610660767,24.785069015210432,2.8393623090580733,669.4046088470018,NORMAL
30.155572439761645,34.33404458290816,1.4726401440027816,41.40706263736197,201.7157247874711,11.768405049277654,15.264373866352326,10.69534882578892,79.82949712024201,22.82282112476893,387.58022752204164,62.901285427611384,4.250826293364465,65.09473455459658,2.149099949687224,22.20259944848635,70.5094253288517,5.835386281509099,258.1875927978362,2.4786236120801566,5.9369340717072845,249.07771736610297,33.57543162888178,565.4658654368974,88.99132668896891,8.017565580857676,43.62619654866119,31.98024493023159,2.618704227674982,172.7298960206373,40.15810119753736,65.00336575257771,3.2628814523547627,5.6704641433237635,25.794849047838465,17.63981932480869,9.377167315090706,3.06932264286597,192.4693859109755,33.92005709264663,46.92068383861335,153.40850047479793,58.969667325888935,0.8785898751695375,9.752207403644238,435.26740304791,272.1113397360055,142.7443278246599,50.38678090841456,126.08870363137142,87.93297313147966,59.437186839813634,31.309138945108167,30.2732309497997,5.439341126708072,2.5378930018878383,6.17596392457896,55.98771811115073,0.7893978656931658,271.6866209239441,AFIB
3.3964903983280967,75.65174392374668,18.553102211731144,41.6299067234259,52.85344488100263,17.298164439071066,29.660816264828103,8.101173276769073,42.30104949321463,7.1050213660978505,135.89338466793154,197.69108879521656,0.8340342955439572,54.5855867810335,3.657102451700227,28.13131152728005,49.565305054683215,1.6662072259581662,31.69693890241281,2.117056622641589,6.158725151905221,42.95673693558192,77.03819594217931,264.34023666245605,151.40573734701167,9.260663772632753,15.190092444257443,16.327164081533383,9.459783371320906,158.43153603801363,3.5989734391622936,54.33219988964382,7.443864640333412,16.808282128807804,49.032889998637984,9.290726021481202,10.505481059585636,7.627084325751431,167.63663200573745,6.760933674783312,4.388593306045262,121.52915606188513,32.19098147595799,0.7897602587029818,5.521469269413926,199.97261474908416,204.07624227098972,118.57168140862092,82.002262949039,55.51701508154323,76.28295964110688,45.60035128943067,19.789148070346155,14.758116033823653,11.123889596030688,7.929575483052422,0.8773349891731902,8.979137758225693,4.585793648913423,60.0973394793598,NSR
25.344837955996873,207.5650109455334,3.103609521335673,43.636164175854475,96.6293187252726,29.989953888434744,35.98889404930041,23.46611098327766,38.5954044436531,22.236684185500064,212.69795625850213,363.9497580915291,3.241291161495263,45.26141290415427,12.549566843872332,10.100874592989173,35.133002929185864,15.216313959260225,129.5297514274777,1.4813011524675266,32.133348941844524,117.19852035102991,25.322259183718156,279.1683918169599,232.17112877864238,6.2715970148167415,22.099541138559875,11.058534514757296,2.785500453529732,153.4033710351819,29.818640081379815,57.481940457529554,11.120023033344523,63.3157312495877,31.08371963133252,6.608133261451705,11.025189052806331,5.468900518427251,205.30411068240585,29.791299709265054,18.016172807100677,126.7446671323635,35.72014518826639,2.7482868524022894,14.006564730298923,194.27513314218356,214.5024463062373,224.91531819477478,164.60487554577503,210.63009430813844,229.71974566122034,24.85387198714051,33.960025962274564,41.488304802506384,52.792890622983144,4.141115874380554,4.003220466532952,24.47732447183654,7.668939082224607,106.21304476774087,NSR
3.539445845524169,685.382355148759,22.729009955160333,63.641386105675366,530.8652128681155,14.433882161923478,24.26604062099166,9.920274747033103,55.148577945273914,10.770423152604987,897.6094529138435,1285.5787734501923,1.8361263043309803,57.71393750880935,60.598786845328455,32.52230953341253,61.96953662765051,32.468413549151705,614.7267755886527,0.9062726876960926,9.212430104898079,595.1767326266167,65.20907271317492,1254.6049318917896,988.3978346182583,7.811274969791957,14.763599946370634,13.017396093547944,6.4630635767126385,773.3243161452481,3.1002453978872686,65.89152431335776,6.7507969891618345,22.01402630202808,56.10019145609303,8.546618526937442,39.60897190558107,13.145722205914131,733.8948945456217,110.14714936317061,4.41770861897162,596.1601031879409,35.132933963984485,1.6072593394942676,47.97570333833377,1048.3664410032684,684.8053276133163,842.6884087621486,732.9712992757101,448.3065269654491,716.2186719931688,55.70704663484694,16.549129474767344,9.002269800819176,123.21377724685682,4.925121637296478,2.028028684655998,7.967068876677301,12.82986903839655,669.4046088470018,NORMAL
1.9104894456451813,109.21164963324398,3.0316757551522446,22.53761042548338,126.62771705616308,6.011210370319568,16.114402849530425,7.651295758929088,47.8633089258767,32.89027944106625,78.61038264800825,161.08733010504287,7.029119307262663,59.28031510935329,1.875904305518861,15.83841643697836,58.86672227332242,1.333470770849985,100.64012403858031,6.194032694640832,12.190705019046495,79.89939083637717,30.235575599574855,299.826088480421,162.1566743967338,4.587473109210445,17.676581447501185,25.659559508956452,0.7842119553709259,236.82204237164888,17.42692240997354,60.7466843885307,3.498876813005335,19.728716725023002,51.237014360123815,12.101033450667124,6.189866112742589,2.511149953618254,202.7272442998625,8.941301515164568,8.576591274244185,114.58816719798307,31.850201224889215,0.6135128826117464,3.55586648104306,214.92826716803697,175.1647240906771,102.6654092836175,56.887343449071246,148.43535736811288,173.6248145094165,50.665522158016,8.425338367113412,4.8280549219498985,8.587257500084677,1.5936762665784239,12.203432169735425,10.430521258367115,1.362215854319332,58.50339372375274,NSR
2.8278405334810612,685.382355148759,9.885921341475914,75.0156375358293,530.8652128681155,9.510694930548516,21.967201019849558,15.11242848554897,62.09027649217555,24.066809609857224,897.6094529138435,1285.5787734501923,3.0893355996429626,63.7140311184964,40.100935989085585,10.57355147745685,65.41817458445013,16.61864677684244,614.7267755886527,3.6726349969868055,14.34624903198321,595.1767326266167,51.74681243518553,1254.6049318917896,988.3978346182583,3.664391693209134,23.28313864666741,26.590839165265148,2.23653076445024,773.3243161452481,8.881155873345588,65.9097713670895,1.7081561631132647,23.70512369783481,79.76812291873037,14.44139758496722,27.432186365286626,5.993005694317223,733.8948945456217,102.47843303132406,7.260341042686609,596.1601031879409,39.27684140484309,2.4974360744781956,40.777683078851986,1048.3664410032684,684.8053276133163,842.6884087621486,732.9712992757101,448.3065269654491,716.2186719931688,59.510466657167804,11.091323309625455,3.8545156203050266,122.10373439885417,1.2320147877097432,6.676008311243647,9.760924042196926,9.263265527723007,669.4046088470018,PAC
48.60910388270603,685.382355148759,13.711452239597593,85.72875658271545,530.8652128681155,53.4227157713669,70.54038070858613,35.83369765543428,73.23872383876177,31.316996919132304,897.6094529138435,1285.5787734501923,5.3383349158374935,42.998114176203096,36.29567732078376,8.106704779424286,46.40502421947335,6.695411896122517,614.7267755886527,1.7076791740001969,79.26731528019154,595.1767326266167,75.78890627548806,1254.6049318917896,988.3978346182583,7.075849437232849,20.487366365708084,16.78729770589078,2.8041306428828503,773.3243161452481,33.58807303068288,44.23736511432055,13.336223526973072,111.85077920326435,88.96010256814378,6.9345371852778666,20.774765180299887,15.735925482849801,733.8948945456217,63.26916311514928,34.06804231951625,596.1601031879409,35.1580227461648,8.25871648574484,43.29304467504376,1048.3664410032684,684.8053276133163,842.6884087621486,732.9712992757101,448.3065269654491,716.2186719931688,37.05962769197746,67.85761690709077,59.44563480659432,72.82054402650253,4.905081796786468,13.796151604050108,35.964083991613684,14.513185379365659,669.4046088470018,PAC
10.480462903322861,75.5502758649407,1.3743887232646608,27.1656224277693,98.10293276796259,13.662491630773271,13.166044119001446,3.966911055494632,95.16220963884427,35.90630851390721,264.6812632053379,84.21277837084007,8.284825729464002,82.49925033851129,1.292660565024309,15.58976715567788,85.19630412170922,5.403801438659702,176.680982105412,5.222711966650974,5.055070791127127,134.67479413292122,22.499374707632814,392.1167470879638,59.53896906829412,6.797280552320493,46.629061324940125,30.59864995395562,1.8153061237683172,188.9002698624368,28.411202971919217,82.87898221380813,4.11811857461994,7.623274395254762,52.19129893988072,15.321297848998556,7.728009286892909,3.0599251878980405,224.02391338051666,17.291374586897113,24.98519939473008,96.7131668569132,76.58988076660587,0.6531638225126661,7.6632588111074735,333.7904394756759,222.36367871628073,97.32470275243043,47.83465930168908,55.81704353712162,103.64385369080189,76.31918255313228,19.91829409752883,13.012297573079062,11.994124835132233,2.3602156475330203,11.93832072567598,28.826458856754552,1.055198526135283,159.6601058086654,AFIB
3.884157230059088,685.382355148759,12.032795992802434,45.319584277537935,530.8652128681155,17.8121214014386,36.35731772801985,16.112793630545728,39.62258030259782,28.069698478469103,897.6094529138435,1285.5787734501923,5.639711609900088,44.088355909968726,41.70104378707018,23.500972765689323,42.52955027823414,10.472918091470659,614.7267755886527,4.621031061071917,22.6632335024556,595.1767326266167,64.18170762277877,1254.6049318917896,988.3978346182583,9.667588918967008,11.876213381300687,27.470936238667722,4.914525240482773,773.3243161452481,12.188661750806675,54.611134074872254,7.355103069885917,41.15519559956867,86.00915510404934,10.333520263488214,27.501339200157698,12.227392304280501,733.8948945456217,70.27943801696594,10.074998903806472,596.1601031879409,20.97722868238213,3.1965517538153914,39.28263682082808,1048.3664410032684,684.8053276133163,842.6884087621486,732.9712992757101,448.3065269654491,716.2186719931688,29.3904682453016,21.153314490174974,13.06331027663656,117.67699104964727,4.99132815050301,7.907483534279019,8.143619134692209,11.658098233954655,669.4046088470018,NORMAL
5.612317566949155,243.37783557490556,3.340790188441287,16.35692943463944,31.129838402321443,9.258392195368614,34.71578307983921,23.63474349802854,33.69360174250368,12.521672970874755,143.62478790114676,299.47920206068926,3.2090684247948755,59.35878652903917,0.7454085129257862,28.14578009814456,57.52591149509242,3.6648641720013293,122.45173574179404,1.2739720888733077,28.367588762539196,67.76269855080231,39.56785491857248,191.7964237592913,159.3239465736286,3.5307396320615894,19.712517093594453,29.834657255733916,2.332923873426998,230.87137112637097,11.67093005500047,59.16306804582125,3.748901505492305,47.78355106184933,68.42215808529603,13.049675516360903,5.908936005033021,5.625184286353319,220.44823261925964,14.891181420722596,18.733729038455568,131.80424872075534,29.272457494072864,0.4157264301234658,4.283288183074191,263.1442440499692,195.33858610628383,101.90622336698358,175.0567879635525,32.24313717870816,127.24425952961322,53.46056265747539,11.692971490726197,8.223792532754826,1.6555531167179758,1.3384220318636166,2.7350856803006134,6.957075115018969,0.4565785836597438,122.24617757033509,NSR
48.38600309218206,39.24855824770715,10.123400597440353,52.398267447994286,121.69945508086643,15.291897837882065,29.243966923832236,24.474104216398526,90.20583919175517,13.487739967633406,322.32275709999726,135.06353214371157,0.9182962879743362,62.80688119346054,4.277295713198525,17.043704172532838,72.8673455340831,2.339390942745396,193.44165083629042,1.3382746014591462,14.653277857204134,167.85903475341064,28.40328018863394,380.92120318883246,180.19704825199304,3.7382515907413914,67.11851992101212,23.996294078862405,2.354321923550444,113.10430003548716,36.34747672758089,62.738505735564324,2.33903603955284,20.138012174296854,24.905876957351172,11.664730566022547,15.973170062321755,4.800074541363798,189.24137960132506,39.89207869873485,40.48168703391045,119.98691632031445,67.0947557525386,0.47746356809307633,16.15535586851808,224.49378115132234,239.2437837837383,177.4649170098601,83.37687303563114,134.92589845399243,116.71407542996072,73.95431564243334,46.31309123553658,54.06525117307684,56.18533248518036,4.57484434132172,1.5371775589868635,61.70738600189664,4.413748531497737,246.30737150423874,AFIB
8.445818143405177,685.382355148759,9.173807905546191,26.02909709634006,530.8652128681155,10.873392906010805,32.18569912170563,27.51853352079201,35.659064293999286,56.68099752393477,897.6094529138435,1285.5787734501923,13.981519954714317,30.709684698834838,21.714729285632284,28.41172686324961,30.43775544657848,5.182945522746514,614.7267755886527,7.508721406602862,32.35633166399278,595.1767326266167,41.360436680479424,1254.6049318917896,988.3978346182583,6.491468246509884,10.838171624740825,27.259730396612692,1.076149028582041,773.3243161452481,18.63372153742805,30.815574636724204,19.28515212003938,57.55196266676633,90.61400407532437,8.728732348549327,11.831243199060587,8.85945614435282,733.8948945456217,79.86105121881809,15.424906468539719,596.1601031879409,16.662609869058976,6.183878594763171,27.638753913924127,1048.3664410032684,684.8053276133163,842.6884087621486,732.9712992757101,448.3065269654491,716.2186719931688,28.2600833105637,14.462767344052127,16.579863718370763,97.46180091733206,5.360923035225703,29.702193582664385,9.330742085901802,14.113987553204506,669.4046088470018,PAC
49.590886787083086,685.382355148759,21.78136129436389,87.05971555138392,530.8652128681155,54.21656320853635,73.20148765947735,34.23310312881471,51.175774107156286,16.78208831252666,897.6094529138435,1285.5787734501923,4.153992186717727,19.293730601801908,48.803883222555555,10.04147726304743,19.37054088114703,10.819337381855295,614.7267755886527,0.5278874073344815,76.7103825176913,595.1767326266167,91.89671512394102,1254.6049318917896,988.3978346182583,7.320742303638589,16.67284683560051,22.90990674994718,3.981205593431258,773.3243161452481,30.40576136401885,21.213585300649633,13.455717546612558,116.00639061733769,126.48670139835997,8.003468956419962,30.510925754305614,22.376349107491905,733.8948945456217,79.25113654181524,23.491991947268442,596.1601031879409,16.467557916739796,6.008705649744167,62.94241829577924,1048.3664410032684,684.8053276133163,842.6884087621486,732.9712992757101,448.3065269654491,716.2186719931688,19.745628277569626,56.874612761552086,59.63499012956508,91.56708526903815,8.10037924330952,4.894946488760047,29.699695708429807,18.756160921939678,669.4046088470018,PAC
22.76849300625896,229.87058099713624,4.07228999766949,55.815266254838654,37.913316311076024,12.321918139984936,26.635598647453833,22.989674933378282,15.620894370115776,29.77670741217079,119.61611172622558,388.75508514619264,11.759416789272136,19.345267325270036,1.1876708846034936,13.94243468949604,18.301125581677674,4.354520912251649,92.20521776009002,5.326921713553658,56.114863893326174,74.06664513813689,39.888028354549725,98.66890656104017,268.41192391033866,5.37180463594139,13.474647396341238,20.236935832337203,3.7582853338416924,270.9619114152809,31.84864542570037,20.8105819762622,10.884827367910285,69.8915217527091,49.34767124319047,10.861887280924385,4.418043683172634,4.292640137307529,222.02393594866479,22.40735588723552,32.144545330232404,167.08562333061099,14.872256093787646,0.511424796645533,6.3472902790806955,241.29977437522615,155.90700644191884,180.73230491687104,208.88895044847217,68.94442724398183,232.8776420335667,14.995774756860545,30.53077430484505,26.0678479772155,8.97600522256654,3.8216815100943893,12.700856606867625,19.120310991393787,1.728629676118863,54.635620518355005,AFIB
43.01144551863047,222.67843148295722,4.395012648687453,43.07625135578908,46.214115043185515,33.93732539166707,38.65433531193187,27.454385691234194,16.56896693909813,26.31110333190753,152.15703525375443,389.87791188838975,17.533559747231585,13.911452126239706,2.3935567405683993,15.470708522599075,12.218419260241893,3.130384301223215,82.96815101451357,5.2845824597143105,57.982278103721825,129.23711069193354,16.16240157481048,165.95012685983008,360.66083888454915,8.540671013422179,25.05960060485716,19.0020805314673,2.8647983325319863,209.5784478255405,40.31984599117412,15.352708877886192,18.173524086505516,80.63174582257147,36.14105878295866,6.665155243729177,7.444124617863625,3.6496956120562074,188.6257139385481,27.803166038921855,28.899360314460065,206.2093681803206,13.898269278285111,0.3605147219620988,7.9034019418109445,215.96817279546315,216.9377323676987,306.9215971483422,227.16995416265883,156.8938782674285,317.1374325762819,17.033091659362064,49.194408497318825,46.48548116035029,6.316441243150792,1.439939777037814,17.028089998641775,24.17750134643943,0.3811088460089861,61.53710645071785,NSR
17.03121760915709,327.93079837488744,4.861381447158584,55.21064898240016,86.94697690331259,28.518012222845236,25.572715115547194,30.774341605011635,49.36566333223709,70.10358719282871,80.06746897089268,409.58180465222705,48.19905474065114,30.332848656200483,1.058321390227956,28.28996644490232,32.35441641846653,4.220203122098823,137.22029870520026,38.56333642685705,71.12891373179596,117.53582269523785,37.850616933452024,110.5624539702594,297.80497339330344,30.05342227164358,19.599600201834814,33.16660990601829,11.341419968153945,302.0831298992632,72.30777332726583,30.32884617045014,26.79717321721327,92.9172129841271,56.12359018146006,11.578591440744335,6.657003612579811,11.299201582356213,353.5520050073171,34.9795380815981,33.933624026530204,212.34573100138707,17.000126137080947,0.9004335244594797,7.43802015655696,277.2508773424035,256.9510552423739,188.4138599587647,223.93194536658092,105.10032794457426,322.95935062617286,26.19917758994552,44.33597877690805,20.219689861337688,15.969165672885612,5.005643242729507,58.89966461877256,21.164058896290705,0.1459753584261408,53.417209824348404,NSR
6.782252379208952,685.382355148759,10.638715623969047,21.139381857871218,530.8652128681155,12.084846824675465,24.990441926219756,10.072944558916596,43.1649349339175,58.12619473454966,897.6094529138435,1285.5787734501923,7.742416505964922,64.56289121327441,30.300871344095874,22.28186147840872,66.65179233484693,6.137505806722211,614.7267755886527,4.767013028028354,16.464059516774835,595.1767326266167,31.812305696648284,1254.6049318917896,988.3978346182583,5.157722713142036,23.970488053278583,28.023659088871028,0.6101987283978476,773.3243161452481,15.82374968778981,68.8348055147766,8.13692390714436,33.76445413165748,84.73142551656535,12.069395471669324,15.389247830724669,4.989070654590093,733.8948945456217,95.49618787152619,12.396648475018692,596.1601031879409,39.81138177431576,1.6626356076537352,33.82805465346468,1048.3664410032684,684.8053276133163,842.6884087621486,732.9712992757101,448.3065269654491,716.2186719931688,66.59320700341951,14.029692171837839,10.516026689003999,123.88419176166511,3.959191843578209,11.684940105532531,13.919409506718853,0.9622656909712115,669.4046088470018,PAC
37.75307920540567,685.382355148759,8.510083073407635,64.86816424284098,530.8652128681155,30.55794276592822,60.602649092983214,34.20734898598547,17.876522935575863,44.77787388668075,897.6094529138435,1285.5787734501923,12.260621171968179,11.419898747678108,23.808722719117718,29.711362929851717,13.870844473966672,6.058247843469818,614.7267755886527,6.824307240738141,68.58113627684347,595.1767326266167,58.03114871769925,1254.6049318917896,988.3978346182583,5.679205067137763,16.548069708798025,44.223440893425334,1.3790628598259307,773.3243161452481,34.02180907037414,11.842195679160277,30.915596068716965,110.48661652444164,110.43630117043578,12.745307214846765,16.216846496902626,16.83596607562412,733.8948945456217,79.8187985947459,33.47728137967952,596.1601031879409,10.820787993168997,1.497709740258448,32.50120008960409,1048.3664410032684,684.8053276133163,842.6884087621486,732.9712992757101,448.3065269654491,716.2186719931688,18.965745793247375,42.23810196442949,43.572705138876415,101.30919035313082,5.282482448515074,48.39943965691652,21.572349634224988,6.7685437342130275,669.4046088470018,NORMAL
13.278113540718351,685.382355148759,6.024194428309588,65.3668441481658,530.8652128681155,22.79207632328908,7.942731774620439,12.76833956249827,108.49129780974594,96.38937785006654,897.6094529138435,1285.5787734501923,37.17644622831311,122.07771308596207,9.6141032430375,59.63618928974853,155.9522592997399,11.493107510875321,614.7267755886527,25.92221870167528,4.621870342124194,595.1767326266167,24.771040399862226,1254.6049318917896,988.3978346182583,18.166384236489804,42.22688353881063,37.53429618635899,2.058813463208279,773.3243161452481,60.94262000987395,120.06363258239826,22.527339907168802,12.813922585815078,30.57132259906798,31.639685650515467,9.070365945352462,3.0823760628627626,733.8948945456217,82.70073299189319,34.80686497964724,596.1601031879409,112.98571516534909,3.485887510674566,17.902467912520446,1048.3664410032684,684.8053276133163,842.6884087621486,732.9712992757101,448.3065269654491,716.2186719931688,119.76176482269277,22.124369920008245,20.953557749913294,120.75329186935595,12.968640422112937,28.51552400452378,42.33742135333864,5.263757933350483,669.4046088470018,PAC
22.605635508809375,685.382355148759,43.61087871680914,90.16535025397805,530.8652128681155,33.56452832801507,41.054366932182624,21.12043359896803,77.20156259900698,4.648373933425284,897.6094529138435,1285.5787734501923,4.791611328429183,47.21348098693668,44.08340842513981,24.20024520365827,53.37619780675153,15.884551330655306,614.7267755886527,5.564927105583874,19.48193862851445,595.1767326266167,86.96368709337666,1254.6049318917896,988.3978346182583,19.879970843818242,33.46015655852543,8.202945308340645,18.971450853538606,773.3243161452481,20.24001182556295,93.56951973280776,15.83417551297448,32.07814058531916,30.727517924846005,7.254303875064752,36.69563636987712,30.78356347771741,733.8948945456217,99.56165590850996,17.925290823033002,596.1601031879409,46.80436587905653,7.196826404612961,26.769176258076104,1048.3664410032684,684.8053276133163,842.6884087621486,732.9712992757101,448.3065269654491,716.2186719931688,55.42263939966148,47.36953741551389,39.4610566514346,134.56597101070676,11.248581180985303,2.1913424029742736,31.593357025473356,24.901435764291556,669.4046088470018,PAC
12.474091579366197,54.84003755844336,9.176777022099529,25.44833344031563,115.62511658639036,12.764918747861879,10.849610059139858,7.626616830451206,81.70681275921898,14.198159000018077,186.1085207793954,113.7533390630416,1.475971757161984,61.83703029747805,0.9009507119863295,41.305596860109425,75.54844013620762,1.899615506574778,144.04654414549776,1.963272756689664,4.216855283075473,150.08249239035277,32.43507919572065,377.10568392194136,155.86772919506245,5.207379090255479,33.803383309945964,17.833123192600304,2.704011397831083,101.45521812387983,15.223109280682586,61.52638724664657,3.294073523671321,10.162379356679939,35.08559234563575,12.03186948672239,7.217474872469254,4.646294913698241,164.8498290967351,16.70487708671319,13.049214654105974,51.8585669021847,68.30626729809661,0.49131956961084544,4.950956628996733,250.80516064859296,222.69549384978328,139.8271183550695,44.46535493032655,130.55766743203492,42.081170422598134,64.91375882915041,21.155872798428458,17.741777479280465,4.005494851635863,2.6379130007466722,2.4875049905362796,26.181547298726926,1.2088510252962776,143.17237434603092,AFIB
3.780371934401087,172.97997033268803,1.3069669510912294,21.460431415908023,89.83919015815661,12.569094965158538,13.20285908677235,3.8261662206844,27.69498084887618,40.904596099474105,142.01617147640746,222.0199366757175,16.545138702410426,42.85019525365177,2.1652323303115266,17.94889716271634,45.565731987142506,2.7156972941336246,104.98734182839407,3.8289005380943157,8.385043757721801,98.0618421769486,27.354592950026095,243.97446853177757,134.04424934507117,13.463573569584025,0.0,19.777481929769905,2.6395705113806276,224.765228688073,25.27176540504023,44.792299199307635,19.289828891892974,16.2314877792251,51.57734806191105,9.931426689711921,7.871140551033097,4.297799584107498,197.97318160260184,9.852735537175084,14.517419056305265,115.50536976550565,26.694521995399683,1.3748061130027502,7.629576773350698,183.24493905338784,157.86692517938718,132.35537107083522,85.1433982103163,69.39557821752193,184.33751379163755,15.66862021102731,13.82476521901456,7.249810581035108,13.476431322841604,2.9955213031027714,16.039773197672478,13.282119357960578,0.7851947349365191,87.27017406120964,NSR
5.311845728690771,126.09033004179499,20.64290161109348,36.77570485545031,26.18619343254431,17.91820839557043,45.58865295589007,15.83969921117466,33.45305963880876,4.14640842112912,95.12345398982454,242.27612334523553,1.4701678245457221,29.78618414957959,3.6425561738281726,24.617528490391823,29.27002348436226,1.7242721083632,20.113990036675435,1.5726823897374684,21.982515762476666,28.27012508767461,73.23793953680332,154.5897344182523,182.00708589941638,10.1685082997306,11.78105375868913,17.786338933193257,9.214608869658347,190.38431352079058,5.176400211126584,31.32731991364236,7.543219940771756,40.79663468654476,60.724701640877356,4.300972491361372,8.49920683177519,7.644600294327462,178.2499791349356,5.704817361182431,6.579270155049013,151.64307217518387,12.175702559681682,0.7309730470274659,4.484200775799992,211.99845867384246,146.07039386542192,134.97749006544896,126.08787866721794,54.841115606255585,125.92894889004319,29.969389241977588,21.929706128608352,10.9133620072831,8.579447921132576,1.6075391678505326,0.7264761300741208,3.1721373031473945,4.691261203718759,34.24105339813415,NSR
5.745843728741158,154.97535061002353,7.719900040856522,40.67128785338612,94.037395657923,13.172894319928108,24.42090721853053,20.78641680807442,35.094217743497786,23.34343507992357,45.24815042946779,298.41201653361725,4.176718670229107,31.69379591602793,4.295232948796517,17.01541693279883,26.559868478733755,2.4391558272205955,63.32697553234701,2.6829344600917504,29.331516100656163,68.14595241011837,45.537284718148946,207.92198736949325,254.82189032859498,3.603450169891239,10.892301592619544,25.84724697239376,0.6751797234808843,209.5741355247296,10.92804835379523,40.484019934513256,4.111421496822186,50.36568891850739,61.40160775554791,6.7167273515242645,8.566922568000896,3.5427371233472122,198.5642896869943,8.73620815368912,4.993432100963363,118.1730810950811,13.087089843599767,1.1235089813656816,4.883125973532332,158.930756854403,170.62070566721562,145.1686187012438,102.83147293069463,143.9610327988437,210.39505158490715,26.997722137445702,15.982278043246486,15.546396383268563,12.536833740219434,3.0464057143249645,7.822692134560359,5.658960524352864,5.983717023885086,24.885626375947883,NSR
56.40006542085384,685.382355148759,6.84829768421211,104.96823863988767,530.8652128681155,67.37080781857244,64.75874227946727,34.631084048264334,44.5304814004469,36.77319980955509,897.6094529138435,1285.5787734501923,47.441258459597094,14.312676859728501,4.725142279257632,24.727119720103595,16.583802670148266,5.797702137767485,614.7267755886527,35.00106387018893,61.662230025740264,595.1767326266167,85.27674254976226,1254.6049318917896,988.3978346182583,25.57225566687482,13.949151256856828,41.45494467219584,11.645745588791556,773.3243161452481,80.87229325055947,15.232909125811364,28.284024984317846,94.33369865813435,83.26542680264367,15.19822298109168,6.59307411936462,9.851239367744585,733.8948945456217,78.69732875058862,44.3486712268636,596.1601031879409,13.338629159866615,3.9863570566561273,10.068911856741204,1048.3664410032684,684.8053276133163,842.6884087621486,732.9712992757101,448.3065269654491,716.2186719931688,0.0,80.65567225458392,66.47474593492564,73.0423576494985,7.5500624769454205,53.14646276193793,35.94870612864906,4.082279734298423,669.4046088470018,PAC
27.518477912013065,27.298264876977864,14.729225407630919,47.14087684105261,98.11827316762279,19.751002082175273,21.353743195308706,12.634580096703461,93.46476727768383,10.670063384434973,312.51516231517724,95.85422937730196,1.4210561317372117,52.233925619380884,1.8876807938692832,26.237457823361314,67.96506374049423,2.2642862009307123,141.56118668539906,2.4306503364934855,8.062836110706476,140.9953666385681,63.5688254337866,367.9539311235237,124.72367872547096,10.822132826668758,55.741981799083895,22.39079617208327,6.954209462994647,132.9859842439075,27.536111455215895,51.98050245359087,5.819406410017063,5.964798205886347,32.220940452747804,14.268268253117206,7.62165711820977,8.219672518843032,136.46456645938784,28.85958434510185,31.05307228858787,148.11814010601012,61.614150776227106,0.19116918175444791,4.736671466324219,296.34829681236147,227.1946634350535,139.50768411545906,50.647926582418684,127.02815859492134,83.96464516247576,62.270278875090966,42.242667566276566,33.77682223151951,6.810918484975399,3.617634760853349,1.1773483771991577,50.9523767542613,3.558870713459462,205.15137374298004,NSR
11.636015983284786,685.382355148759,8.883546817059209,15.747046756276077,530.8652128681155,14.966362620353532,28.758721978867875,21.271546076541096,22.371123988351638,77.37179929576733,897.6094529138435,1285.5787734501923,37.48923044025154,49.12105261803613,6.319481412647975,29.09618272596135,71.08272269072226,3.193422192165332,614.7267755886527,16.148195399321562,25.085065897621707,595.1767326266167,27.859135597806265,1254.6049318917896,988.3978346182583,20.36105915985978,25.063454882636893,29.18857354900369,2.714733725782211,773.3243161452481,39.9877238789827,46.25762923049869,38.23563282325294,64.73941004786792,93.38134788379843,12.936094444092607,6.144240884169563,18.335749170260247,733.8948945456217,85.60022084238554,33.77367290895205,596.1601031879409,45.84312335653317,4.936390693366535,13.012058857435582,1048.3664410032684,684.8053276133163,842.6884087621486,732.9712992757101,448.3065269654491,716.2186719931688,58.72440765989421,19.68688027455385,14.021321527636829,85.64071749181507,5.357864383615419,35.28198144296065,16.203412300225114,4.146482686093305,669.4046088470018,NORMAL
16.71468049129001,685.382355148759,19.267340112489105,51.788190893226016,530.8652128681155,16.779646235847764,26.03463966004086,4.339314730094835,87.96345609894176,14.548037209162349,897.6094529138435,1285.5787734501923,0.0,99.87583781040132,70.63929852001738,13.73133144381611,74.30881225370352,7.512511955483769,614.7267755886527,2.646657085275628,3.224066655326431,595.1767326266167,59.00608998019137,1254.6049318917896,988.3978346182583,8.153718010605116,44.32005894627279,17.405525488107585,7.7340194589169675,773.3243161452481,14.17928912196523,124.35583541943589,7.404609844050887,8.500157486518093,34.14061330634213,14.37114396596495,50.188553597865166,21.387617045039903,733.8948945456217,111.18352141026608,17.479628589773935,596.1601031879409,80.40777362379643,1.3774496367279918,56.30070647010029,1048.3664410032684,684.8053276133163,842.6884087621486,732.9712992757101,448.3065269654491,716.2186719931688,78.1995268592417,31.41247986793907,20.16806825541819,139.55475069205275,3.3365750532907046,4.378999760729453,29.458530027014685,6.160358915524596,669.4046088470018,PAC
4.532820276146477,685.382355148759,25.459628762731167,68.3846750245291,530.8652128681155,17.65760022861456,30.848016082827364,9.079291790960658,55.08829246426364,10.443854523701006,897.6094529138435,1285.5787734501923,1.720253572559622,68.23623675159573,66.45570154391818,33.53318162432392,58.37271433679899,18.152546180083938,614.7267755886527,1.2480603532387462,8.62880040836191,595.1767326266167,74.05306815239047,1254.6049318917896,988.3978346182583,9.784121232861423,17.10444957309942,11.202744604498717,9.190486298214559,773.3243161452481,4.6121774789001195,70.12249053863762,9.243859039898867,20.26879203135701,53.512567454096896,9.77910919862081,47.91217481983701,24.366556061961784,733.8948945456217,89.86580546384205,4.477508931882055,596.1601031879409,36.31140627668725,2.2772002270191556,52.937444156877845,1048.3664410032684,684.8053276133163,842.6884087621486,732.9712992757101,448.3065269654491,716.2186719931688,58.2523140278264,20.709794203091107,8.800799975694032,128.7940306418426,1.9741404272825576,2.6936101027283845,10.840493398206954,10.451834684991413,669.4046088470018,NORMAL
3.059592289158281,138.27809367542298,18.767629221736954,37.39374791393927,31.684997254467323,13.982044331771684,28.799061334369437,17.849467561152032,43.52060970471902,11.988572220142457,116.6360446299531,265.06475199236297,1.564324855269117,37.43917769199231,5.351718033280903,18.182563779181574,33.34209276628148,4.627117198190473,45.639610491655105,1.2928411675180078,17.612441762084888,0.0,62.86441292558312,241.42260675107173,176.99984791715352,4.368614970483061,8.986640541264277,12.103054417403818,4.8149851348935515,200.93084819726488,6.207620641455344,44.72060455328268,4.708109885393001,36.073093732805866,45.653003473092696,3.9914307688612607,7.701158938274857,7.762398317011246,129.30145267205438,11.968473518260799,4.79316266309638,122.15709737961649,16.24113741752052,1.199099721679897,5.898910841966498,180.23569744203778,114.67075429931205,131.05229206069671,103.72531637705171,71.91643039573243,164.85803728517382,29.798878833791356,16.788699026612612,11.481791229532195,11.71884438838537,2.958974371838477,2.362052472280379,6.706189536877262,6.61175237582679,42.12218132599371,AFIB
43.47651145745302,54.6152641099107,3.26574835246227,40.538989118321396,208.09586701936271,18.46157518446705,23.89769126954083,15.926652383015385,101.4649503508601,38.88371881021156,427.6930707024907,79.77539810766154,10.250314373555424,90.92182065075806,2.5291106293639576,15.264189186901781,99.791472876107,3.947416825015562,258.04419312600436,10.059987785146458,12.757025147947651,223.2161497421011,35.898628059094314,553.1034238097625,94.53649071491884,8.95879005055408,55.45985264235919,28.424912052555474,2.538353389287499,169.91300751290865,56.20110688327613,91.53493219083357,5.650068661029254,10.808112234007517,39.867077405616875,11.414666394862847,9.989058885449369,4.5814901195923365,247.7617302891228,42.021256504980926,53.0951624600816,186.1761123106781,88.97158183586181,1.748495424836987,5.3252658141779055,388.7399561518417,314.94236264085333,152.6194390894619,67.96180684957817,99.66892790641887,82.13774311286977,85.67588607898978,49.66098287832735,47.17326833494532,10.634244652904453,4.323995408804028,12.583953709369679,72.49059279907955,1.2018950554238306,294.4745994742839,NSR
18.42830272921013,685.382355148759,5.16797072429331,47.746397876971,530.8652128681155,27.035609023570185,35.75430644968426,30.693493498538317,22.64328083907988,39.475040138551215,897.6094529138435,1285.5787734501923,18.81939643464205,18.541858812664838,13.022016641072412,16.171055177731123,16.15114535017183,7.095348496508655,614.7267755886527,12.476961911152323,56.2752303253609,595.1767326266167,41.414341513238945,1254.6049318917896,988.3978346182583,11.201920174204268,14.63310718650819,33.8821954226041,2.1586396570063835,773.3243161452481,33.324120200602415,21.06045949643238,10.445431699926125,89.021853683392,71.67558375908824,1.6196028017038522,6.814653780147269,4.869532369901851,733.8948945456217,77.34123627668829,17.469299623535328,596.1601031879409,8.643720105357497,0.762384258156054,13.810049340905008,1048.3664410032684,684.8053276133163,842.6884087621486,732.9712992757101,448.3065269654491,716.2186719931688,22.115146384218388,32.902706888576446,27.169863289611605,89.56612327335374,2.4101161252011307,27.514637635255514,10.640822879436715,3.9806163861286867,669.4046088470018,NORMAL
24.131383762254305,342.6911775743795,2.485861827970007,63.194404676221026,48.50136562314954,37.25114051294242,52.015996325648665,31.640231650015913,33.76429840352717,33.57383428704397,69.17390101420992,526.0190664795216,37.953687414913524,10.478088450237474,2.1960824403113364,19.954033683538523,9.406957047545186,2.9816348799776735,96.58256211208406,28.5354879774359,63.59883061045392,98.04867035486735,51.536722672572125,158.30655754438817,420.71600642615124,19.703188621900523,14.565202721443656,24.454006434910475,7.411593442745617,296.8434986191372,53.38674686521827,11.170676638830438,19.452146162089686,78.08993162417252,52.675520658095294,4.918129045137086,5.580420241963539,7.2550919872429525,229.26683881230298,20.018205126739367,22.53872830062153,208.86549286163657,6.043890079560948,0.3819371953890927,0.0,234.33815466300908,174.6670133134194,291.43935967851075,271.94390376740796,151.59869933964998,314.6807453643644,10.115601912102536,48.575336546227106,32.30685146137852,16.259924487982722,2.6476174517800177,47.124634901591406,12.426272068980165,1.6816667452056744,45.044564443482834,AFIB
10.350351211364478,180.48509179869802,5.122767243181027,13.516803117609271,81.42093234813397,13.662269860426148,15.517798633231195,3.912292629705633,17.26882514177669,28.49913376559844,176.4053980654282,311.14751906114,9.958918438965966,34.20791659316401,2.477379372080934,17.098538193032873,39.517828170659136,2.2521041749644564,95.98706142683103,7.228066699087888,13.334379643017062,119.64090930412551,27.669632246177077,257.9431207957879,252.0442502397408,4.1035348545543595,10.39788944460144,10.204481344049807,1.3827663675417106,172.40496116071776,20.378694982301,39.58603422874942,7.689367326743355,31.188803858434476,38.212756389228716,2.63043595237974,4.465371747000356,4.639827030150989,167.73103805353273,11.992553651874042,9.322414717662284,118.61028101818572,23.890820739690728,0.46590259123740796,4.93976833124811,186.49738879799182,177.95259384174975,197.86274145684237,116.37063033122851,140.5105331663487,220.2942936494311,29.870815307773952,14.564912361471617,16.945893018647503,7.921536199100636,2.4687563416291742,15.844813292404098,13.950987634657821,1.4151553832728152,93.24442690887072,AFIB
53.538852537928186,685.382355148759,15.079032084446382,100.2004169403213,530.8652128681155,11.113815296766708,26.389242579141392,41.26009094475435,121.0330330032326,26.767436700240975,897.6094529138435,1285.5787734501923,6.048011057362413,100.9355575780847,46.8404238286709,17.10597294997985,87.84575582702735,17.909040829846337,614.7267755886527,4.669554363828099,22.33410519873847,595.1767326266167,37.45617775842755,1254.6049318917896,988.3978346182583,3.5196849067345113,75.76275129758433,31.139303090283985,3.4241625112396057,773.3243161452481,50.006803504511375,129.11975314911732,5.158474180765093,32.618767003613684,0.0,12.823000918377337,30.440649008657694,10.502160892221932,733.8948945456217,110.91666756896443,57.22048846764404,596.1601031879409,94.84687390875955,10.575347444806434,46.74535498177346,1048.3664410032684,684.8053276133163,842.6884087621486,732.9712992757101,448.3065269654491,716.2186719931688,84.84516096432698,55.98204790641537,59.55713972560485,116.85646703319335,4.595510032697234,8.717079955928314,75.37932589707918,25.775682618787027,669.4046088470018,PAC
57.465025211270145,271.278058563403,6.176041043206544,83.08963977845491,35.97219279579666,32.195996235144705,57.91768125453697,27.41475106343771,22.083147352875987,40.21989552147744,179.5892240119035,463.41663836924164,22.09143160027646,6.9210778941739735,1.7325397384231347,16.21109379796419,9.706384536512706,2.4871445004204777,156.28451538972797,15.007029887014307,51.637397007051646,99.87615848991392,51.48409687622203,0.0,413.32818824503585,11.323460546025691,22.878803598893793,22.031241663116962,5.349964241011239,262.7633018542939,67.24368034090338,7.7673342031741335,12.802133455438108,65.42838921707528,44.812653500670116,6.940404855191872,7.078231611882354,4.394273393464165,162.84167437142756,47.5235504694355,46.51695960275891,214.31803663563457,10.58416413829574,0.6505803180804828,3.995833316512511,272.49663728570835,269.2441735486632,273.97371135617277,285.47646860505205,128.16125120892218,252.70475934193632,8.627886615277298,49.09531463894407,63.764444817255516,10.90377079638425,5.4070448738474965,27.967626995889947,32.048758745866444,2.2907276745003524,165.21537901340096,NSR
15.839562840156896,202.1859354653575,3.808024580357466,54.94370220763545,33.20070219835974,11.06574504348243,50.388194798646055,30.36822577562592,30.05230205603692,24.718272522820598,61.60880587213937,395.2420089014217,4.329716032970211,12.083748497962949,1.60965282302315,10.704837460903537,7.002476837919174,2.2329233336696412,74.7911833802944,3.6626967834504107,54.94958682732365,83.95001515601606,49.47655560738359,118.7838306850172,290.5522921794464,4.176123820441241,14.89446731110445,30.325306996903908,1.1080585635831939,253.46166308124947,26.806087310209463,12.23220369503863,3.8580408846551193,83.40122838677229,49.931995869204485,7.46350171053367,9.605003934608433,2.1694857987177834,242.70631473355874,20.543105295463754,24.72576920759779,162.3015601570762,10.687102186608506,0.26703838300880683,5.388844096447444,197.47053125886214,192.85207362108017,195.3063305269501,163.93978933357602,127.97862288181612,249.6268235763033,9.626185845592648,23.842398133589533,19.648721950709753,8.599559147232146,0.5625313965210333,8.300861424161466,12.537234686322304,0.8072711114361398,0.0,AFIB
26.268340398701287,685.382355148759,8.972834374833974,54.52845412516072,530.8652128681155,24.221335838780757,39.8384530799116,34.42264322361231,35.27791697321269,40.475968355047705,897.6094529138435,1285.5787734501923,7.528162058874299,16.221338227172197,21.404963982896817,14.511974721312484,14.851026249087237,5.583527979144407,614.7267755886527,3.9538502431727327,55.99940988534609,595.1767326266167,52.69660919421529,1254.6049318917896,988.3978346182583,7.843835099629002,11.855858462652819,33.686391193054156,1.6631798235324728,773.3243161452481,22.958450921198956,16.318610980489222,15.412159705457261,92.18939205284401,113.59439266169936,5.5108445220943505,10.470395663180195,11.333666782190358,733.8948945456217,75.65063936131932,18.787754450543687,596.1601031879409,11.28354766924345,4.224619591813719,30.910113822055095,1048.3664410032684,684.8053276133163,842.6884087621486,732.9712992757101,448.3065269654491,716.2186719931688,16.179193790889155,32.268854204401315,34.41376932195164,92.59008509222254,5.993517803385145,18.397426582288098,15.323186693567337,13.750685631957136,669.4046088470018,PAC
39.830306792909255,685.382355148759,14.963002373175753,105.01242186814326,530.8652128681155,14.375675284122288,31.229332132415074,19.755665721059643,105.2387160388613,24.234694497365872,897.6094529138435,1285.5787734501923,5.154367972645175,126.31490409746071,52.66343937119586,17.485998638821556,99.80871400316997,6.402335666588241,614.7267755886527,10.095816227862063,9.52215938320944,595.1767326266167,44.40306542945745,1254.6049318917896,988.3978346182583,6.823962125861631,81.99596621541554,37.91607956146423,3.4940111593720524,773.3243161452481,35.587458027813184,168.80082432240033,3.0895892723761063,7.9080310496207655,27.0374047749376,16.65011107545097,46.083588121840585,12.954804913778927,733.8948945456217,107.09347095214785,43.465656616129266,596.1601031879409,116.61224745218448,1.452128190712086,69.289080522755,1048.3664410032684,684.8053276133163,842.6884087621486,732.9712992757101,448.3065269654491,716.2186719931688,102.23335968937337,43.41527211345784,45.35431533665271,144.09544947884407,4.750233467634243,5.15031503349001,61.391695386077444,6.8785109922820915,669.4046088470018,NORMAL
22.44606526638027,685.382355148759,9.825159823197055,84.10936223097762,530.8652128681155,12.404676947853963,12.513270457592787,6.084379051487595,103.80185958866002,29.253624641663595,897.6094529138435,1285.5787734501923,4.97535710049054,95.08647355993541,44.67578188237093,14.109652019938423,91.24631474155738,8.81791597818535,614.7267755886527,5.968464046189161,6.6574476420375515,595.1767326266167,55.14436640140033,1254.6049318917896,988.3978346182583,5.000274536746289,64.23697935400713,39.27732252169403,2.72547757285682,773.3243161452481,28.10494797885694,120.22152865562654,0.0,0.0,35.70983656432065,22.867671906982842,34.09271957753586,5.601185330703447,733.8948945456217,109.93713182448431,31.7404249740968,596.1601031879409,94.7087182896774,1.310079523448937,43.35169068893946,1048.3664410032684,684.8053276133163,842.6884087621486,732.9712992757101,448.3065269654491,716.2186719931688,94.15680540222615,27.634092690280966,23.906480280126424,156.75683321946812,2.8576583299323617,8.168096641423398,44.4181068337738,4.2435442448062215,669.4046088470018,PAC
14.698435813795752,269.0476560406839,1.4333851079309259,48.08721398318721,66.84564001303715,13.439675573904927,20.135940993541517,31.65411600320509,40.10561905503025,72.47300833447474,48.423402340596326,363.3058547449529,30.103239309123882,45.573060502278565,0.9210746079218546,30.114979106297888,45.45583292253606,3.047752808062677,101.2909417435659,23.97405818378161,62.35035853401473,103.88183661620894,15.797510691082204,114.07842177401575,263.14440034745076,14.385012768268933,28.355556584162983,38.69150089985451,6.293563392712853,386.66215807262404,53.03184136872046,46.32390352820612,14.213359467846665,88.70278324311285,74.6480881761549,11.689271445505714,7.282051656143489,3.8170006162033414,366.94744727281085,25.292792926560644,30.50151166511763,197.7386767477541,25.90472586161641,0.2843912806160888,5.234611038843177,277.6767382578717,261.1141772186545,161.0992234732896,189.72690423146219,65.03785135608199,278.40090753741543,44.51235333251208,24.50002547950582,18.23350368040881,9.28786771680645,1.6235375595129495,38.135615719269296,17.25115472037179,0.4208400679003199,42.243951735851034,AFIB
9.008509414820832,685.382355148759,4.345248611099939,40.377532450120256,530.8652128681155,16.194453796344057,23.16855558715436,24.52922291217927,40.5496473481754,49.06594761381953,897.6094529138435,1285.5787734501923,19.393756575329004,35.68318099071507,14.00557490896016,29.18859880651402,34.93500569136642,8.192360038106216,614.7267755886527,15.659158951126273,33.955696507633654,595.1767326266167,23.281565274477867,1254.6049318917896,988.3978346182583,9.563060721878436,11.4304962350738,29.305876164124292,3.98731602792052,773.3243161452481,24.013989170408827,36.23491775952499,11.924706763174028,62.69047832669156,102.47129090119017,9.515631170953156,12.677830560627928,8.4514756343281,733.8948945456217,76.7462040950719,9.23177119179223,596.1601031879409,18.324787279602862,2.8960238302306007,19.626832853184954,1048.3664410032684,684.8053276133163,842.6884087621486,732.9712992757101,448.3065269654491,716.2186719931688,30.205351181756267,18.650892386214164,14.507917880950068,86.02028907279406,3.253597362978751,26.824815235519342,9.540747694601482,10.128843799119982,669.4046088470018,PAC
48.96306375191954,295.3955503534686,2.006978630065376,82.87061552267994,73.61386927515309,28.964982229668475,65.25442893910576,34.155753993241575,29.406174272573132,36.25552001853579,231.4968262647042,539.1675551040818,11.035925322092096,5.752341256475635,1.004686329413784,16.02507641111365,7.093538843871082,3.2240993513228013,183.22742524933284,7.315594917846326,75.99488804520354,147.04863152789028,24.821979441665647,231.9594423868351,393.4389692673116,3.1448327726625367,23.745383105915387,36.27273252506104,2.482255074708577,306.71579200045613,70.52702317413039,6.061065268650472,6.0589846668507485,92.16534615348054,59.55312897535288,9.824989416615761,4.659667857771099,1.979585872759054,167.04895602627238,36.35449709359799,52.55306386064965,265.22707887942676,9.437282891597036,0.2878953552660475,5.05756445163184,332.5056584434098,96.5838804416339,317.7651707480164,307.22124328213187,128.2559332024574,267.1671198267585,14.090931935355657,57.336380915736356,62.203001816533394,5.437923618622481,1.33467610729312,15.624566017520305,31.490424960867745,0.1673460114676482,114.98365688306751,AFIB
62.669209343076865,255.27056011149017,10.617912100362325,93.50270793532745,17.046201310598434,30.640888069077537,59.406379936994206,31.98357972431928,49.34071385646852,5.85881693629022,169.30411274949762,509.3703249445049,2.393288987188077,7.63101005972573,1.996044459730406,11.53131210048639,9.457584315028795,2.508743210255439,37.09521189983389,0.5385602626783053,71.77881700661864,70.11131727360959,74.0802091565349,94.07445256711863,415.4004860630454,6.361924127370155,20.513151723058595,29.906164109476983,2.895892782129331,236.78936689759794,36.719490578787095,7.351820773921615,4.3660962767455525,90.91202469912683,49.622673343760745,7.686089598959406,5.2220132989381955,6.291882229761667,194.4226365560185,50.006506302626384,31.808608490291256,246.92050982427892,10.897090091881944,0.4102458712022264,3.9480939635105705,303.54266380841597,237.05591088095917,325.7732569160431,301.5840287404509,142.4498060152168,282.7883248085542,10.174274986568268,54.631611225282974,66.64735372039782,9.050071360473217,2.1075221109443305,1.4497749308060388,33.423921917571946,3.5569376765761684,62.82007910689119,AFIB
14.426361582932497,266.62161027514287,3.228765132160519,53.38731900608077,67.11976222047113,20.491936039119228,34.16214414292615,29.65598392157347,33.92716477156294,47.61884455522461,87.32951106239463,296.76654079824567,18.90155048355893,38.44940345810824,1.7023321308275055,14.600197436523148,36.622367140942856,3.6431706921831086,72.41287180794275,15.280309384063317,50.022200472685235,81.21694589358431,69.35295896712717,112.12391169600876,219.93962769817398,12.126867907406774,12.17772550691323,32.69288232272603,5.022630002756655,288.3256366708358,35.70015348464325,39.7493604652514,9.036284467944348,71.1783613431098,56.16944844561802,10.656274684834424,6.173359340283173,3.9978049305321166,255.6223327211419,17.98544027052876,22.766466945436417,156.5206590854612,19.981164486098145,0.43371008635827246,2.872383796954407,251.51621992524196,193.408412327203,211.59022246099622,157.73059080238477,54.77349337825353,208.7509989972209,25.51748782295861,26.31916354831231,19.58739492226378,9.324253703691642,3.421902178255419,26.239317018538266,14.432362338612002,1.675117293536276,44.654222521947126,NSR
41.22824767417528,279.7132204410764,7.934527425919386,71.9028279546788,46.16806082369972,39.82379572270228,53.08348262313194,17.41602784522141,32.70735044746206,26.441194786230827,103.26560990843663,511.8222622319271,25.604508931008766,12.627600263235617,2.7296235790493855,17.233238118430556,14.191537571171336,3.0623933352802473,82.48888030351158,15.144853731532141,59.199793816731024,109.81719065234368,59.39993776509823,137.1738539776168,380.4269627578875,11.31665958793496,5.08680432947484,22.794590287114616,2.470392370768657,226.0838557330868,48.05572981032083,12.84648237868391,16.683807223944267,74.4163221356998,48.25182028221907,6.720416566816468,6.08622188365701,2.8077986282689626,258.11254765898485,26.701384633774325,40.72577566040703,194.51007123870676,15.72065137284325,0.8484221027403986,6.09374138835654,185.588699696018,222.8748143871816,252.34350054415265,238.27600545667553,186.41140601407233,322.23066415191727,5.448336731508328,52.638500380907495,50.785198725765405,18.39419497692958,4.148021192186329,28.77386908912254,30.240473710472376,3.06226698542031,68.7689918392562,NSR
2.1672275260613962,685.382355148759,9.156558713791886,46.74491450669737,530.8652128681155,6.269082799523987,17.65268317025075,7.55836779570365,50.45012936046466,26.404521796612848,897.6094529138435,1285.5787734501923,4.291973885632759,81.83185845090216,35.353467180895315,15.009126705220206,81.42896441610846,23.543984578103725,614.7267755886527,4.084123148180367,10.602066488803127,595.1767326266167,40.67399964480775,1254.6049318917896,988.3978346182583,2.8898933359240417,20.642082328693593,24.812106264621928,1.813167010340623,773.3243161452481,11.28507351646512,88.41066824683594,3.166239595811724,20.40496236165203,64.00334128699828,17.241428021581875,21.477452435457774,4.265681357582103,733.8948945456217,93.91555617562886,10.045443553533694,596.1601031879409,43.0222147433463,2.1023037349105254,30.9859361280303,1048.3664410032684,684.8053276133163,842.6884087621486,732.9712992757101,448.3065269654491,716.2186719931688,68.4039935170829,7.810257024973475,8.150058147015573,122.93605182589208,2.7496961475869868,8.745138410327463,11.826322266894048,7.596775904855851,669.4046088470018,PAC
58.349156087286254,244.80480708097002,3.4851914124680787,81.67320902003351,31.715701157377694,31.547477622521015,54.825271825158254,13.268450979779633,41.247772210809494,28.161682050843538,182.31102345185872,419.1789672550055,13.562754569569197,18.33359996557368,1.216585776609708,30.149755917874945,11.84413204423041,1.601572353779926,143.69157874306714,12.38018872042569,59.571968543990785,189.12400083065742,5.451884717142405,231.68118770453145,327.13331301421357,21.14904732317842,43.51264222207706,22.31142753266559,7.508501284208725,281.0881234749252,82.102951330873,34.428662224760956,10.128700500781179,55.79095430849718,24.46610402048928,13.064104735708518,5.210825396249699,7.528831627602189,172.26026790608162,44.993258145926376,48.879233793560275,243.24302546145293,28.267558860725998,0.5632550786971146,6.281253008783375,245.47522008224448,109.24002640982322,274.85586561078185,244.7061965649078,113.87950150418085,267.9480119069096,22.145631716394504,84.33447245650287,69.35370818738052,8.747225012461545,3.1596069934146893,16.353184898411765,56.413906192068474,0.4023577567321207,169.50101147674047,AFIB
27.77293005636801,685.382355148759,20.92489399763511,72.86905357107698,530.8652128681155,16.374444998393404,20.74223094153232,12.664939287307012,116.30321708381204,16.023790430929125,897.6094529138435,1285.5787734501923,1.4536483155005535,72.56310825680926,70.41589010074343,36.1532653839194,93.03535100408247,3.8274899337181916,614.7267755886527,4.345361929402353,6.605814294519263,595.1767326266167,51.52265772417518,1254.6049318917896,988.3978346182583,8.081594746013595,59.32142291708285,24.668511575606605,7.444429773122041,773.3243161452481,22.22409953979175,96.24523064675633,4.559464986374111,10.773044654404428,29.836181936387064,14.592841845503383,48.71202077489102,12.941677872970788,733.8948945456217,122.89145079687037,24.865905878482597,596.1601031879409,89.71381440614459,0.8747109030016694,63.10625225618183,1048.3664410032684,684.8053276133163,842.6884087621486,732.9712992757101,448.3065269654491,716.2186719931688,86.39708670160708,37.71670528182505,40.67676123545225,159.08971959974494,5.325313123755295,2.4517398694031503,43.933701271561034,7.08654045280582,669.4046088470018,NORMAL
16.63696395627119,54.10447158859099,2.839355435167455,33.46465751257848,194.74871518071512,11.118224905086734,10.483645044837928,3.2737956691466965,108.00795336263518,44.22953898651318,229.1506565757727,63.25587479457494,11.51718875840253,102.74361114908598,1.5089587359628869,21.510073248027247,113.43821788275673,4.950268543066784,171.3148540768046,11.337514260259015,7.034067312774398,152.601650267369,40.09742732629021,464.4207634119357,72.66205620771638,5.052659836731221,58.981060286720115,44.84115774977118,2.9181627078803087,186.7763173312384,35.61618407654199,102.78452369449552,3.6694243541883087,2.7349635010499638,36.575697061298435,21.331181829167722,9.241725018119274,2.7193901770084854,216.83976346160847,22.866940576453516,32.127030222964486,146.11738506630059,101.5393716540343,1.2318142814360804,8.405583317675424,337.9289216763133,241.5165509609668,91.14601496107076,37.317794952517346,46.77485215302938,119.27534913109444,104.66736130220967,19.74613625114475,19.38249644233144,4.9496750127258995,3.1169839266631607,15.7641680404134,41.01482692778208,0.13957515814285068,175.60711858941283,NSR
16.650476067011386,181.4065862501868,8.90238979597538,43.19335308465325,116.90513392400568,27.543476749249063,41.425007304564346,16.01375245748581,35.92887648246104,13.691968993050976,139.15090762740164,309.7727977374584,4.560880662346266,27.714400274854082,1.8978719354376614,12.628382500391638,28.683903113518568,5.503179499341579,90.88954979686496,2.3392425823998875,32.40506609006005,154.5219119150579,39.20329134696359,263.244159150296,284.005600449316,7.02658033691055,7.745030480552494,17.211631219797127,3.3288798738844303,242.2682589355742,26.090268348493662,27.9966980601376,10.04925347306098,40.29909627968476,35.92357305936716,8.962626331995423,4.946085223524796,5.383267161823906,209.1197463957669,22.75682052277171,20.125725052624563,86.83492712724285,20.598590461035755,0.4877288713151735,9.579425798805842,209.7988494980563,183.05610212618373,189.09797192644626,148.90324206214083,176.92326224678808,223.72164043694588,12.725394013027524,32.25246438788575,20.844126065736248,22.469844400898623,4.159329059458173,3.843742171106528,21.410999829172457,2.0142221814710832,48.06034012588698,AFIB
27.580459849485322,32.78929073848645,4.843058635033498,40.15946309504799,126.80577454360973,12.982289505157894,14.271244304825057,10.913226315421698,105.73320980094948,9.115185501257796,284.04083907452525,90.77507331862539,1.5827618121456724,57.196586988240604,1.4214684446567194,32.31563424789776,84.40145858759236,1.9872546796954014,157.13408674053102,3.7252649268268296,6.729377331079787,165.42804584939756,31.92815064411115,388.4965913768288,106.10556112982414,5.123055155390881,59.32181003740193,28.009619677278224,2.638018907705754,137.53086662769695,25.506438931956207,56.97592033882741,2.2649329102447977,5.29002127089447,23.079602402756624,15.202913738757669,6.750213282425611,5.97146368718546,148.14968929928042,24.181184047625823,29.425592223002674,146.20452577558626,76.93115250739541,0.38672228051631347,4.5348973100942205,302.7176916095834,239.2823041959683,115.23167369061888,48.504113949253224,73.6424749337108,50.86913379760849,82.0546130104734,35.81036939314459,36.230569835824134,3.393161852333812,4.841726967502608,1.941995881341552,47.96413608481918,1.3888432974081149,200.1227171475022,NSR
52.13614066195724,250.59858887735086,13.925678945124337,87.4844860048429,40.59047440135746,53.68503156405862,57.690139697601005,25.97492885842533,41.35260303144803,10.92927122734205,154.70433242731076,481.4821529864579,26.76455370222137,10.14099722992679,0.7206281476185239,35.5796181421683,9.72976802856941,2.8471943898803835,107.9640580064771,23.050329516555166,43.61125439746648,152.38232364470895,29.791287778786295,161.55810206641624,433.03797630407706,48.73247831496914,23.605256479821872,27.46285598519124,24.103547284843618,266.7214496029474,81.38504973573308,9.903423647913225,42.52205755364275,57.778207260762606,35.183961505377354,12.641800781779375,4.911345223051595,12.266898098536641,206.9227814942675,35.69173656639432,43.71667308382739,260.72205412839605,15.659780454048814,0.35274914038135247,4.024406701207801,264.37293506436737,286.14416487421767,300.7457438432543,285.62397203489815,213.32914483476185,222.42852845149073,12.09949410204074,99.07609816494471,58.46019666262161,14.927278399998524,7.9899434981480635,15.298433192788949,35.16613077122768,1.1124709453940786,110.85069388826813,AFIB
5.721916443590493,685.382355148759,2.9914985607831186,26.139931753889826,530.8652128681155,7.0196946481196605,30.148528176651133,20.753268595335253,34.06356263359169,82.7003391931834,897.6094529138435,1285.5787734501923,18.38477011980473,64.19198797163443,15.664482605694493,26.961994866719543,63.87104651506698,6.194769634488231,614.7267755886527,14.387900381905292,25.452823319627505,595.1767326266167,28.722146745940567,1254.6049318917896,988.3978346182583,6.185881616249928,22.763160790779946,36.35912059631639,2.488192846836705,773.3243161452481,28.778959051153752,64.87061678062275,10.498652174453184,41.33410858641368,81.22878415215176,10.360230329148246,10.029325713400945,7.858637309616621,733.8948945456217,95.98997180046022,20.62041389646631,596.1601031879409,36.871946354729886,7.009873407349418,26.117345151321135,1048.3664410032684,684.8053276133163,842.6884087621486,732.9712992757101,448.3065269654491,716.2186719931688,61.9494590371595,11.589847647014668,6.586002167793885,118.37563279538345,2.1768235176650577,29.588973320952892,15.310904224225606,8.422905612338438,669.4046088470018,NORMAL
4.7137347964861585,103.02365617752471,3.6184857140203537,15.004435959296156,83.96717380527548,8.198570809764004,16.114784796231582,2.9111560268346253,48.03778149993849,23.666558230192553,106.24118412580874,135.69873773111595,2.3950109504054193,75.20172462475155,1.0314674932838555,31.943287254466323,87.06868190363649,3.3450789084899313,76.03035192552218,3.914967741671689,7.969671209949412,69.41776290948239,20.696806428361594,249.05718822350025,102.07065672463028,4.866720487870182,32.536366753249716,22.063165801317822,1.8257840355421437,179.1661281862989,14.502026777160603,74.98214896042508,1.9692969787891241,14.258437584325847,59.20665939947589,16.36775196621111,9.876356675671195,3.627923960676317,188.8371955679214,10.64322554263135,12.361540991000833,133.75014468220104,52.55418349805206,0.5589408817524062,4.881174665363841,191.22382371138517,200.74873300495273,80.4819396991369,63.47398464601452,39.00601965959245,80.56071731514899,79.45913397482119,9.782974779806073,10.251681499873202,2.874308281514555,3.1718576442991977,5.917130581242366,15.20506211899444,0.5408290135388608,81.72359854275933,NSR
51.84056175926319,89.62434618038178,15.782757302196813,71.68719211288155,82.98693430191703,36.5953061080299,56.45394287551532,23.442510988909895,78.24789892648565,5.8403152545591634,293.46955474295754,275.32108782306346,2.4885280018491946,41.04987897952049,5.2352674190260755,30.014405296521915,49.8722898588409,1.6871530864100637,148.3240334183902,3.034501088401001,22.902621452428047,139.87626572766177,69.3930407217898,244.02211155678708,224.0018768685122,14.807555033621428,65.70242578676365,14.657484779829048,15.338040901296466,189.53187064854828,35.42903860000483,41.18357099892971,13.81430667498017,34.38333492487711,19.688130441925804,5.825510947438412,7.738275146985543,14.857242604658142,184.6726864700533,35.096966169643686,37.942733594569034,198.53525411747646,50.1958935127594,2.2909938895415842,6.155382176722181,274.3080383883739,304.00065885525197,238.65478738041742,159.84668296718138,160.02542033074596,112.45968618422998,65.70497942564816,73.7075730798884,64.00173416505442,20.090882435229055,3.872146404909727,3.718671930809977,58.836568608147104,5.439643381018669,203.85304872690847,NSR
6.139619713188494,216.45166497927067,4.35186416035286,18.731137766845972,72.45104670912403,14.210746973466916,21.46169729232943,8.071655284059041,22.92090534237448,36.908679910665015,97.82467764054068,363.2462803251109,18.14367303339989,25.329614715227915,2.461377577068021,22.92915748875034,24.713764476086762,5.173019852077509,102.73924856525213,10.584761602519155,12.177797941373411,151.15741242672283,25.712654371203026,232.17010848053928,287.09104174237797,15.497600623738068,15.757287942121451,22.637504798198556,2.1771043119109783,234.19808836019556,25.532943675172874,27.885501928051532,10.293116084962762,22.572246966116424,37.47486735240278,7.438686495359439,7.204853350248254,4.723137137453129,253.21463853207706,17.262695901461143,16.226553337799402,94.49794250464157,18.7446206399138,0.6365916094506636,7.391217649370486,164.5073586433842,175.88594143360532,193.0571759706522,129.63038186713047,179.7846965069673,248.40969304398135,19.096058912201453,15.44136746503345,7.555139200259969,10.10348471465387,3.357692010260163,11.876934776104582,15.378270505242737,2.04129664320047,69.1261541049532,AFIB
4.779846068677365,685.382355148759,6.124362782507735,28.33358697260924,530.8652128681155,8.903358721456048,21.869078045675334,18.846035772455426,68.58257082690554,73.91693408852734,897.6094529138435,1285.5787734501923,7.018706778197031,70.07714164723724,26.314237684224114,18.949595956635946,72.14018987899104,5.888326620476277,614.7267755886527,5.7250724996617794,18.133993008992395,595.1767326266167,54.86140603627423,1254.6049318917896,988.3978346182583,5.337258677656212,25.942201757893486,32.260676229086684,2.217270843524907,773.3243161452481,15.666911322194434,70.63713423278682,4.223225646478264,25.249847089828915,74.49964891050354,13.769911215915496,18.990546325063477,13.827968971375158,733.8948945456217,88.45732793354006,12.54017464576147,596.1601031879409,42.2112724447346,2.616496190728243,34.81496309329819,1048.3664410032684,684.8053276133163,842.6884087621486,732.9712992757101,448.3065269654491,716.2186719931688,68.54185845908181,10.854848911935065,0.0,123.37858573453599,0.6664109007327312,15.439408195596888,13.680755019077754,7.315712584182659,669.4046088470018,PAC
21.251054250198997,685.382355148759,8.541440535669095,60.59718483605233,530.8652128681155,24.920375953669666,39.57846226825875,32.36986240165543,32.94937614458468,36.29832654090353,897.6094529138435,1285.5787734501923,9.165611998787497,20.049996394075805,27.921228326684414,10.860620920087376,15.637357535356314,15.250819961870393,614.7267755886527,5.164660540156185,57.95142614724283,595.1767326266167,47.13672177283897,1254.6049318917896,988.3978346182583,4.172533829966158,12.627315621440694,30.807715455441457,1.2941438768495783,773.3243161452481,21.305018159841502,28.815957456666847,5.436721269114662,89.91792553341949,99.52997647935118,3.889875586247729,14.808929157063858,2.884395707438723,733.8948945456217,91.42290865556059,13.841875531980824,596.1601031879409,8.20007092055851,2.0752623370973358,23.183924817899463,1048.3664410032684,684.8053276133163,842.6884087621486,732.9712992757101,448.3065269654491,716.2186719931688,19.463708426316565,28.79758105251273,37.73580437088944,89.86948216696491,4.46611220150372,12.990689044050177,11.108806268125742,15.771857940376334,669.4046088470018,NORMAL
12.266862135071547,685.382355148759,25.99986330076777,28.21213527028734,530.8652128681155,17.096715337766998,34.965871429227676,15.212573328342405,26.820503091496974,22.877958537524865,897.6094529138435,1285.5787734501923,3.954758825101146,42.56834126941919,58.08935186219564,22.66575364997605,35.832644115578304,21.54795582066237,614.7267755886527,0.7595907640588391,25.814800587161347,595.1767326266167,59.100971350983315,1254.6049318917896,988.3978346182583,9.93850740964153,16.589256071787986,16.616551547641258,7.157835107546639,773.3243161452481,10.101179318192397,48.95501282287428,13.270878950566871,43.00485764591003,55.74660300783642,3.9846008061793547,37.8060806568815,20.972199425849595,733.8948945456217,49.30966624513847,11.900132633143906,596.1601031879409,23.62725877664213,1.4745937937811158,60.91412904143993,1048.3664410032684,684.8053276133163,842.6884087621486,732.9712992757101,448.3065269654491,716.2186719931688,46.78420560143966,20.649874775690563,23.92987085490882,134.94829396319153,9.402289217437993,2.1642584344933877,10.905045985633217,7.360875662842283,669.4046088470018,NORMAL
18.286838817872184,685.382355148759,18.470823812939553,78.72706221832254,530.8652128681155,32.21791671757876,61.197998278363535,38.890951685019076,71.77939726785226,28.372923600585224,897.6094529138435,1285.5787734501923,1.0637245674345754,28.625514015228287,33.86183586984131,13.548254859928706,31.196978583046118,9.369899122049627,614.7267755886527,1.6886392721160632,43.716303416226005,595.1767326266167,82.51500707205615,1254.6049318917896,988.3978346182583,8.422865809839399,8.32209451004604,10.43108765440767,7.794143267020922,773.3243161452481,14.336326367983755,29.211470018542986,7.008273440668112,75.20903096301252,93.4177542173132,2.2909952679685954,46.57127013478158,39.10275160532062,733.8948945456217,74.43120192855775,11.105661445097098,596.1601031879409,16.51916961975359,4.602149408821879,46.92199275194433,1048.3664410032684,684.8053276133163,842.6884087621486,732.9712992757101,448.3065269654491,716.2186719931688,24.256534595929292,34.36057246559881,28.439722142866707,105.94968819386646,0.9890340566297999,8.846308522021133,17.924425188884687,9.850019799895026,669.4046088470018,PAC
18.74976454123853,685.382355148759,15.41422428663497,68.90171263409519,530.8652128681155,22.36552422919094,16.801768445170737,3.778345664367963,101.26448567822051,31.128942209238907,897.6094529138435,1285.5787734501923,6.073017218694593,94.05237797768751,47.44403518130693,38.81224161377901,113.74424173835985,13.679791841700283,614.7267755886527,7.56378976933715,0.0,595.1767326266167,48.98923163922965,1254.6049318917896,988.3978346182583,3.8397548032008193,38.84093649760446,33.39379737308756,2.05343519264254,773.3243161452481,17.966913660205655,97.18619382734512,7.357683046502661,9.52467688512882,35.014346998584635,16.23756234970082,34.29233187040561,7.405588392113472,733.8948945456217,104.99189373671858,20.536514916000232,596.1601031879409,98.12527775545429,3.3637635718156718,52.578306804839414,1048.3664410032684,684.8053276133163,842.6884087621486,732.9712992757101,448.3065269654491,716.2186719931688,106.96786642662579,26.332080685607103,29.241427840675318,147.99921530417484,7.188621413282698,11.215013397363323,35.06884050384226,7.462042189176357,669.4046088470018,NORMAL
69.83706145795836,685.382355148759,13.329060329646028,90.98284998725309,530.8652128681155,71.77117324983452,71.32803098406761,41.33714601113783,37.074509623261186,29.857255900955877,897.6094529138435,1285.5787734501923,43.882973482591495,8.879719815535147,8.519400359169856,26.4935973655666,8.83802676129917,2.6868541175923437,614.7267755886527,28.151677488839614,83.14694795636697,595.1767326266167,83.23639146340824,1254.6049318917896,988.3978346182583,23.75076803968619,17.679578715204965,49.07034045890436,10.330758259113114,773.3243161452481,64.37035158297833,8.644168012278078,52.312140757701044,98.43836843118703,66.81584087545394,11.372083256386148,7.401662028394799,18.01031943011931,733.8948945456217,82.86221285724369,58.41451136721145,596.1601031879409,15.797533631498244,1.007086689300017,11.953278989572992,1048.3664410032684,684.8053276133163,842.6884087621486,732.9712992757101,448.3065269654491,716.2186719931688,6.3767939506078815,92.58590328232714,81.83721547000654,65.97669703465856,7.81345426343342,38.31402826422938,36.58515113335397,6.427031697633905,669.4046088470018,NORMAL
4.063307411169503,685.382355148759,19.019562274852518,65.97062984785829,530.8652128681155,10.714955367235774,29.26742152414936,8.835667944625865,56.609486822857654,14.460232172641714,897.6094529138435,1285.5787734501923,1.3684130341230258,70.60077800739045,42.11117501201318,15.41770694164103,71.13781206528888,7.975135284093804,614.7267755886527,1.4881699713762577,9.845142260385368,595.1767326266167,69.13377435907884,1254.6049318917896,988.3978346182583,6.400413041206516,25.845162027765376,21.218189183739977,5.535186138413206,773.3243161452481,6.639906433787196,71.80251083547375,4.820362370553816,14.504135022636175,48.90423157003329,11.131574961775577,36.14561134422876,22.00934103863909,733.8948945456217,84.020291384303,10.878924069190584,596.1601031879409,42.40024141552585,0.9226911722262435,67.4690498015394,1048.3664410032684,684.8053276133163,842.6884087621486,732.9712992757101,448.3065269654491,716.2186719931688,68.47837661649113,13.092413107353275,5.099901483678157,134.77851435507665,1.4364494154852216,2.522734686703742,10.395272693072437,7.351386855993947,669.4046088470018,NORMAL
6.558795234385513,66.08851180100329,7.872218104690986,17.480850466492914,81.57600702981803,13.86976296716439,21.388788260810273,3.1256415961718242,59.8077092363578,10.32331090189774,163.372462829215,121.61503062340529,1.3936117408020545,59.801292751183496,1.1433582405350462,22.624205072875064,69.91582711153087,1.3855932810634106,69.77966850745587,1.6579114629061595,3.6504600051364102,59.45506646114685,57.95077773701887,305.1968018209825,93.34276004066979,9.418646539387426,26.391942025027436,14.787994471655871,9.569572706995249,147.9277281439813,7.748166091670212,60.015525643519084,8.107325916421798,10.270501265898387,34.07250943417676,15.046899780647356,7.746506157974481,6.385281163633428,171.82236093294466,9.034369536842526,9.973524890841071,135.7449871144953,56.724591794733044,0.19459994818130208,4.636199111579212,230.29660629931786,207.0497621979247,90.36928487289768,67.14559279684038,43.32103903739617,44.97467108784876,64.54219712883531,17.546822778031416,10.995602291343848,3.6630586031255183,5.0303558186126125,1.0568026030647073,17.45304073973209,1.0616703808552153,101.67289640640901,NSR
40.75904171744073,685.382355148759,6.417589847825321,99.31325540710587,530.8652128681155,49.56812968243525,60.137715410413435,35.02721175545743,45.73311347547477,29.086806446026312,897.6094529138435,1285.5787734501923,11.67084316184295,17.201238833980394,23.129068695791453,6.949580450649135,15.5903485614909,12.603027446133378,614.7267755886527,7.659494752174459,79.61851977992441,595.1767326266167,86.37512926288814,1254.6049318917896,988.3978346182583,5.705356451946673,13.669880136817739,30.136085895471638,0.4426612042096404,773.3243161452481,39.54071996991981,22.969445335625593,7.177346857991593,110.99991156238816,74.20231542353909,8.549247985491839,11.881841871481285,3.5174315594511145,733.8948945456217,83.80832397517852,21.166684286181585,596.1601031879409,11.855001667443236,5.031618401766043,18.300687657985137,1048.3664410032684,684.8053276133163,842.6884087621486,732.9712992757101,448.3065269654491,716.2186719931688,12.646998029677624,53.14237184448807,55.77134242066995,74.38820862419074,2.8246055606098293,19.08700958725489,24.2255494864411,17.65606375844237,669.4046088470018,PAC
10.685742500900046,685.382355148759,6.224927345376955,79.861597285821,530.8652128681155,8.356363556807032,9.65210881987541,7.8234535130554015,104.23729680738218,39.80573910165231,897.6094529138435,1285.5787734501923,8.870734224694704,102.92858806608648,34.2933208529626,16.540059562074667,106.89099874499809,16.245780729876333,614.7267755886527,8.850155777695962,7.787491706159286,595.1767326266167,44.3572976925418,1254.6049318917896,988.3978346182583,3.7392096836896482,43.05857389191252,34.80897232487014,3.2883233603185498,773.3243161452481,21.82513187967839,118.11285186194496,2.3785140633716075,6.219426249771632,40.515760629408604,20.384658655768458,26.93858218562001,3.541069527708162,733.8948945456217,104.8834480558441,19.680966024945704,596.1601031879409,87.01778078628799,2.3716890816752154,36.561359727570654,1048.3664410032684,684.8053276133163,842.6884087621486,732.9712992757101,448.3065269654491,716.2186719931688,100.02250759298417,12.901516217182897,11.85762084227403,142.5641053963736,2.422125276464667,14.222420170445876,28.677791377140622,7.3390918854697,669.4046088470018,PAC
27.8968497184828,30.041676685089904,11.17443984690303,51.24378535817173,131.45677815050783,15.454732372664242,14.520010017204248,11.18811226859971,100.82123169301238,14.611368197691986,317.6811758546394,76.8502109545457,1.9386114692301246,61.4757077977544,0.921209751550205,32.17207615123791,79.12139652834952,2.375366599189254,177.84141852796967,3.262518171820452,7.272252058142466,147.25383697261864,44.171313621238625,422.22251107061214,126.56034531102566,5.501867362065402,61.90072332823986,29.81648835208467,2.545600258829742,109.28783539294321,26.56380260767796,60.71794632216835,4.467698031033968,6.771881103879227,22.352960418250124,13.015778682081782,7.088262600078657,4.815975624825165,116.76155724078335,26.208217649723935,29.953946455921912,138.50310684836904,66.07004972844122,0.5493423825167104,3.2496823040282594,327.37513596749704,164.4714311205178,148.56066430212604,61.10498774622843,168.93894738206106,124.18129726001929,68.50718685163552,37.41188803501055,39.694175666964945,6.689913210907976,4.380578607756026,1.189470160732864,48.60836204139018,1.208149071071714,228.27940967390757,AFIB
36.40345167090107,685.382355148759,12.950878008548202,83.40635656192627,530.8652128681155,39.17590821695687,62.8561308743307,35.48720877394723,35.67582533986085,27.64932030097485,897.6094529138435,1285.5787734501923,5.378603917112795,9.377253488774947,25.11951698459355,10.437253804290062,11.083890040305953,4.626397968064227,614.7267755886527,2.1275133420480805,73.86625216806894,595.1767326266167,76.26443534163323,1254.6049318917896,988.3978346182583,3.9655727405217114,13.940233422958663,32.93631531812778,1.687419166730361,773.3243161452481,28.349392251025687,9.26490996533684,11.559607885536128,112.27301064616128,138.8046448738419,5.125618160902621,23.07869488686605,24.62471660304647,733.8948945456217,74.79367518298928,21.62928663209348,596.1601031879409,6.715174837875393,3.047362030320319,48.416543714449,1048.3664410032684,684.8053276133163,842.6884087621486,732.9712992757101,448.3065269654491,716.2186719931688,14.678889495165418,44.51441460417113,45.324742520774464,96.82619011873948,3.7888218134484775,17.412903144364698,20.10364553635069,13.863181447671472,669.4046088470018,NORMAL
41.299427697284315,685.382355148759,5.38413763019553,87.74596543362698,530.8652128681155,29.69596153275274,52.15924211605457,36.205189402600986,27.6992374478994,42.2335787300175,897.6094529138435,1285.5787734501923,24.50098893380739,8.838122585655505,11.13972882834496,17.742228201389842,7.196609332764726,2.532912678721737,614.7267755886527,16.923464620242605,73.93001176807107,595.1767326266167,61.18997413406021,1254.6049318917896,988.3978346182583,10.553921020117956,20.3685404498568,55.17451554771332,3.1764114194532276,773.3243161452481,50.93678527452023,9.632860487192902,16.633241223982157,123.08553099510843,116.6423150386165,5.655457512053039,7.011050618184168,7.557127602743606,733.8948945456217,85.89291477302318,34.62360052225588,596.1601031879409,7.190343368065903,0.8771047130116015,18.399100348954505,1048.3664410032684,684.8053276133163,842.6884087621486,732.9712992757101,448.3065269654491,716.2186719931688,15.836679023217199,51.210435613295914,51.82675646117932,91.36212241365335,3.3646735739992844,33.634943030295624,22.04012254153675,6.550817438154008,669.4046088470018,NORMAL
2.2350779940889822,85.03746571866456,10.285604339092608,24.317911626909826,67.44375017981022,11.51255497177866,20.03344970812822,7.096933658486363,58.7609477930088,10.599555402306633,129.6279494267136,133.67669432389505,1.0423840569757976,57.13808129369236,0.9854938849960682,18.180147042090656,67.30601064345537,2.357727942153074,50.30431861146806,2.429480449508282,9.406397975611092,43.29001200805545,42.710574990152466,301.1985314185028,114.68675820910762,5.562714443081107,23.654706582065042,27.890811259113015,2.642882079622472,168.79690175262238,8.595114184838618,57.08992774208712,2.2940623957411272,15.290981533210303,63.24684287230804,13.071305656102451,6.993855768090679,4.783992651573245,170.33562457575857,10.068930560226114,9.943083405465956,74.65606658917288,48.09452802999775,0.29686941208888734,4.559080658219416,229.81552154924415,161.70464348460501,108.43568195497532,43.38879102359134,22.999721719479865,71.55615208745324,69.14469445593663,13.587525164806921,4.841299644323277,3.646512445317197,2.1441524184920264,0.5963336936384329,12.33677076772416,1.3015589751312728,72.15837892278174,AFIB
52.03590601081634,685.382355148759,6.7396098856598385,101.63519616295142,530.8652128681155,48.98296275755471,68.14619741315596,33.33629038802393,38.453805727367346,29.735237709600263,897.6094529138435,1285.5787734501923,12.159001719124578,5.1249922935955965,18.55007370052676,9.378733858399473,6.0383435139823884,3.198831765491412,614.7267755886527,7.721108804307341,80.7409153917776,595.1767326266167,85.00179041099346,1254.6049318917896,988.3978346182583,7.665234738151143,18.902553448899077,51.425265041862254,0.8829669788646785,773.3243161452481,46.10723097642305,5.460131248409731,8.87740327730114,114.90800977026606,116.2065502017193,6.7798239129975,10.583843187931528,7.604043434591395,733.8948945456217,73.85841183359217,34.500310506271525,596.1601031879409,4.938005469243287,2.317528757076004,25.03585583188445,1048.3664410032684,684.8053276133163,842.6884087621486,732.9712992757101,448.3065269654491,716.2186719931688,11.057121356173711,63.6961599152687,61.637757790615815,84.61786698801744,2.4800557996034898,19.933960785487894,27.688631541242717,10.904156570405293,669.4046088470018,NORMAL
49.93343701523182,91.626396840847,0.7598896761354045,46.11177163616922,119.92014845922382,16.31624448774881,30.899386458725164,22.16078901085159,65.88860648845085,50.63894058033197,319.98338526019256,175.90984146846526,16.341641269280657,60.245359253893994,2.640336904604226,23.942257230564817,33.44293805021407,5.311096656208982,197.9800963924309,14.173228575533466,19.72240021838158,228.03615742822913,7.973750177361073,464.97215670809163,161.9292924898935,7.64191333821797,75.41122408616476,30.194749291301893,4.896738682172978,200.3684644418211,62.03237765627237,97.50025217519915,7.370692974690454,28.553081882697512,29.49213513526307,10.229680665054746,11.895900555683676,4.006381953426567,200.25004522369113,49.924209930134246,62.106545848771226,214.10303565766054,59.50451038929404,0.9731286571402316,11.220711573967657,309.0007455781181,262.3451191516382,136.0002772842762,124.03698255427567,137.17144351748,135.90209475383526,93.0333038657076,49.03251368114752,55.53516438572057,8.846580102571911,1.219491830764654,23.851169083787653,74.16868152754172,0.18868828601281903,259.62480779326745,AFIB
25.188401255170927,685.382355148759,32.1467166778641,61.51157174918102,530.8652128681155,32.65273320018238,48.43426320434549,11.5985434435181,77.41142971696635,7.037950109736383,897.6094529138435,1285.5787734501923,4.481744000125255,93.33830739403797,42.667587322690316,27.244575235627266,58.51888903286524,12.661351330177936,614.7267755886527,3.0989060477689936,14.28313833920217,595.1767326266167,86.52430154878661,1254.6049318917896,988.3978346182583,17.513047987149204,33.563729249948736,5.17812360936411,18.493892527317016,773.3243161452481,14.929941187162223,96.93216105328031,17.973165458458393,29.501745475393317,20.76747328639124,4.56794447567045,34.17537078816037,27.932605273177977,733.8948945456217,93.05836899418023,16.809504641732683,596.1601031879409,63.05173366475245,3.737781563613973,28.592394717003014,1048.3664410032684,684.8053276133163,842.6884087621486,732.9712992757101,448.3065269654491,716.2186719931688,58.81547624076863,48.065471725673746,30.47628267872065,111.7214106448431,6.582492465119056,3.6488471991388067,29.36529905498455,13.95837593009958,669.4046088470018,NORMAL
10.857742541864946,60.97456198090662,12.151575001571068,28.117081009742666,99.93257498652562,8.025708069713867,32.3886604528237,3.4377661522200884,75.49599835577835,7.496476457063923,187.08867376336954,106.77494571815984,1.5213704538023667,57.79048120362728,0.9931758490899057,11.38481276808239,66.3685151331308,2.1622015580978915,72.86844938942993,1.2668882937959207,5.364654516885537,75.81387325198044,58.12093525062299,340.55294679041225,80.01141311329333,3.1526016350804573,45.97796427854342,31.563143664673227,4.190375068946404,154.28414802931707,15.115602081835913,57.59460695470792,3.769162896949233,10.65081308827977,57.02781689922309,13.997139352400765,8.713450879032541,5.361387628212353,191.62492450477356,14.298203666300479,20.30308407597818,132.68763971077848,57.52289607785446,0.2538500286712336,3.9948917974818916,259.8226374215591,190.11749125608017,100.98408147387494,63.34636410281487,30.388265168466354,50.841643175261524,74.03679387141531,10.28345937714264,8.25861745425946,2.3666851731598104,2.0031129215627863,1.3742304493167592,24.44685014379061,0.6951258096329036,122.8723304324127,NSR
6.675959743688442,108.8854156815278,9.100872790723109,31.774673228727753,39.386198650554434,29.187919799261653,76.0792313686258,7.570524610685621,22.86303137836817,0.0,142.8145859700971,223.47275949870175,4.809043067474298,31.54579514943051,2.142595102056924,27.756970239772347,40.501380690413825,1.306863361522668,37.35212067198701,3.6142152373726706,13.72464401210857,49.88085327079486,82.63581535468408,203.2943254323322,165.7456824031558,18.840329237048632,16.25097753371676,13.367500194549613,13.082672288768435,192.45742985639427,8.520956107578542,31.573362388158923,16.496252273356504,27.848716691790575,50.732321328747176,9.496753406482906,6.210082225654187,10.684361948655871,151.30704582657316,0.0,12.687454285802762,139.46386130760615,19.621637588071515,0.0,4.7189704847483025,198.18821618529464,110.04295058980259,142.34657742431477,130.11870777223808,76.28294724075053,91.36922273896076,40.310875084694864,32.34567744046667,11.414778610310258,10.13539628708179,1.6613040067234042,3.0711291793442768,6.87694599108128,3.3375586419737697,63.43537756188624,NSR
56.30798066679462,685.382355148759,6.391991782484822,101.38792872246115,530.8652128681155,57.42417601834189,69.96059946549262,38.34551632183512,32.01575458077459,36.18969083648381,897.6094529138435,1285.5787734501923,43.18706114145325,3.983777395787639,4.53906952627619,26.035430083674434,7.249357739081823,0.9686840322941638,614.7267755886527,32.350280168637454,72.05489469650631,595.1767326266167,79.13477887462949,1254.6049318917896,988.3978346182583,21.428009753593575,23.764233161606224,47.42165262802067,10.853976954170813,773.3243161452481,72.79401265625397,4.747641198813938,26.791659067574532,115.69978230644557,105.01622236294781,8.522659525008775,6.583858956460484,9.403594048995481,733.8948945456217,86.55545097831929,42.532846332197515,596.1601031879409,5.794311712380753,1.9319432791333926,11.19984259892712,1048.3664410032684,684.8053276133163,842.6884087621486,732.9712992757101,448.3065269654491,716.2186719931688,10.251433160809786,75.09686521454113,64.71825140774635,77.47003729029242,4.265568070391546,52.317447126077695,31.641631592309363,2.5401785144848206,669.4046088470018,PAC
3.451352824384675,169.191115496774,2.2379309010226196,24.616487259376722,42.425831927638235,8.017330773633773,19.559662828411984,16.713854864715227,49.54048404755188,51.05040765815815,89.67643896847348,223.32656513819134,16.076444557276986,52.21710689510924,0.7213741065657566,27.955217711981213,52.010345849362544,3.517451692999762,109.25379069153914,12.12966811096159,22.399091763477205,75.80612556848291,35.3910283680509,144.65127267630606,157.48228121439976,5.576658768971466,28.421105384226404,34.108136383359756,3.148259069667876,253.88198801298967,31.67440549138564,52.366230090208006,6.88644433001594,32.89977431598314,72.56658844168864,11.936033367200768,8.124847618739482,1.9499784006413032,213.67911709246653,13.16628232321932,16.87503758674975,130.6838968662428,31.399237786067147,0.18339012792647075,5.299377401580505,245.48416360393838,169.52280969687922,117.15875843715526,91.47876204587772,30.014046591367304,172.31244768215055,56.27400219157553,13.89209995617787,3.2827535565358366,8.234237744910335,1.4151040924531044,22.171918573075107,12.197217599764075,1.048759746694625,46.63513785914467,AFIB
39.841442151383,48.43424931185041,2.0941173263943695,53.21208110904995,133.95390738033316,22.179895373219306,30.658968008054803,8.913849095009617,111.49819206812796,19.901760853800717,323.9153171363832,0.0,3.056732522067414,81.12567226062646,0.645709701440911,8.763487726270975,88.43612315111048,4.16611404728965,193.84595560546308,5.867231862684234,15.963302581848124,177.10009817861587,48.19054548698304,392.8295265114932,83.95174859530044,4.7256292276564285,65.9174807883164,39.60458940107729,3.1107032398113468,178.94086073861175,52.82931743509469,80.61762880037323,2.621090957109469,11.18998758999814,50.50603483759928,10.619577904951825,9.377445638593379,2.87425763155273,151.62445758900995,34.61072478269274,47.314489900500014,165.15561402021663,89.01750863000662,0.3732679862210723,5.709092096840749,363.920177599317,213.43677482043805,130.98188391564946,64.92217119374938,71.18898375239259,70.36294349868247,96.86324548495362,45.709373030657844,39.77328050984583,1.9461869112844985,3.1309787318283218,4.181929910377426,59.50279430624263,0.16211162921875136,228.96498400328696,AFIB
21.1325026949897,685.382355148759,6.693507092293411,69.48030789470256,530.8652128681155,13.44614351907579,16.030319284408925,6.428850611398377,123.24568948353358,55.428728091916874,897.6094529138435,1285.5787734501923,17.558043669385082,132.58751856766196,33.5081701568451,22.502055884961994,134.40992597385275,9.779603008692188,614.7267755886527,16.59729237155614,5.807529822226293,595.1767326266167,38.200592426153975,1254.6049318917896,988.3978346182583,7.34202540452828,59.07079620505299,37.76739915623147,2.781930949016192,773.3243161452481,32.64613725203301,146.52946987153197,6.077297154227524,3.4580002187039,32.50736456566607,20.472206042990795,35.11350659434698,5.396361946357329,733.8948945456217,110.52204348996555,29.299945257061495,596.1601031879409,112.97036405646747,1.1169180919969466,48.30471360649726,1048.3664410032684,684.8053276133163,842.6884087621486,732.9712992757101,448.3065269654491,716.2186719931688,120.97838319334717,25.530024381272664,25.374443242693467,150.33779975349614,4.90779487854875,22.247188360996446,40.8454773530451,7.0315919116413195,669.4046088470018,NORMAL
3.4868963051247692,114.03926945039296,7.472186695728071,29.048490032034923,48.63317796570199,4.8778773434291365,17.96171382004984,9.401969719335238,42.09691489133325,23.409367922313134,57.59921172589942,198.50359324457725,4.035893251129949,44.14098343268487,1.350262543953324,13.133359163653186,42.840745525272325,3.279579850654134,42.960906481400386,2.433604521760251,14.470505762807596,40.63482007105455,33.20828731840304,166.6957147594665,146.79319979600075,2.612307204364504,15.937494825696566,17.556883591516957,1.6886940914141817,204.40666795599284,7.708205893700896,46.55244093218857,3.7114186775743443,31.496015962372443,65.77509352670013,8.240666824953452,7.998717436457876,3.6069647397263727,186.62570024699022,6.321489991394382,4.611584856847452,118.85793658590522,24.30395159735954,0.1991465477108186,4.538891947136062,168.70669536105342,165.49946106799337,85.79127413774002,71.99106525669873,27.751694580337578,134.89784995295264,45.89321787365528,6.5682088032986155,8.164913824654095,4.4956316707158255,2.0721978379412724,6.759416828647408,6.486852172147383,1.1160246602073332,38.74002077478415,NSR
24.754269551637396,685.382355148759,19.616063962598073,61.92862111381038,530.8652128681155,27.7580750562252,43.36797379838422,8.74168043978553,88.40892608901818,6.6899700877576205,897.6094529138435,1285.5787734501923,4.053810532762665,103.8415084338338,44.46435149835887,34.309018886451284,56.467943481828215,4.752388678938844,614.7267755886527,2.840410433745087,6.7964980273074795,595.1767326266167,82.34950840792702,1254.6049318917896,988.3978346182583,17.63896918755505,44.95354744116502,10.066990938438702,18.049556966563546,773.3243161452481,16.980989173419747,114.46265334602735,16.633270965103126,19.306907962527184,29.41727219714837,5.44806838106703,39.086786317040776,29.890399367764502,733.8948945456217,101.51284292802931,18.98759181532325,596.1601031879409,76.50237118818664,1.1678955454422535,34.419384189841175,1048.3664410032684,684.8053276133163,842.6884087621486,732.9712992757101,448.3065269654491,716.2186719931688,61.223813821870536,46.5884636640561,28.775719759219804,113.55404249584055,4.539680493740411,3.072788728415673,32.4214824925177,5.3508392978728105,669.4046088470018,PAC
37.098495071215574,280.2537435472919,16.54080448977375,87.28778691118404,14.704756597958019,30.22140706516136,62.537054574534494,36.436673929711084,40.45250695234232,13.362957790035228,104.0576314143043,485.7424076221678,3.6442359990145046,6.132347956792145,3.918478477300432,7.192842759684249,6.882404990117751,4.824348857351589,30.99221949138617,0.5576496480547185,71.93181716699098,61.266608703972075,91.81154317425855,92.1813223274953,321.86043240504995,4.970051395322356,11.604659041647087,25.87877697143923,3.233473604699059,221.3018754768684,25.47484371316883,6.395187288225998,5.626913120719248,88.33811103529649,52.86103435711914,5.549568090607663,6.548776002150608,7.1766611206595465,231.71478848429987,30.234335729093168,18.346317990045613,182.96959668592848,7.173021411693732,0.4296266713311009,4.823761159012381,186.37641500872886,216.5896676749701,251.651211667426,216.48883157488808,117.13725628726345,306.82610867131916,8.768239077536595,44.44029659088095,45.636496142144935,10.992484234635278,4.37293347797289,3.771240137471444,20.48822407112608,5.061828322585788,47.1573965085896,AFIB
10.58351079795084,208.12380625852927,24.852801107770947,46.721217992253756,17.66541533025335,29.235133462881365,56.96221950055064,21.380939092729633,36.522175128372254,5.81718592280382,120.71462237712376,400.5318838165235,2.638318764342817,16.546413129373256,4.843193216725591,10.573444543893512,14.962992787983797,3.876945587223633,0.0,1.6825297858478092,29.828811239969294,38.1075013999431,80.71301785048404,147.05101217117388,252.554459677835,10.574085601258547,8.096486139724576,17.89157856582346,10.97077769736765,207.07942940701713,9.275690447066735,20.550584881941074,10.083993706865765,57.39783954709226,45.31177113344462,2.0333994194929823,9.142437404601338,8.561865094476037,214.90629442123554,12.688618061627961,6.4746823707484715,169.06191304396188,7.787261529221614,1.71419263410191,3.3444432626116876,197.53012332143635,177.14332440353104,212.75870259299458,168.63529256966348,91.63949641301926,162.92135996825928,11.726458399562866,37.397197588751055,20.068992329485926,14.013479943089795,3.766216436420744,1.3501715729793513,8.927005249524823,6.724633330889731,44.48397624984583,AFIB
42.920110169475834,236.84299196184483,3.013310877451604,40.960915822101285,73.56774238227202,34.2799312922561,38.66421709334029,22.61284111004221,38.28698039298188,30.553419224077434,186.0373620943153,344.68289981235523,15.242942970064556,38.04491419763688,5.452754890902881,22.84254992948993,38.630813530893285,1.7172571931946254,119.73164516237877,5.7434946147172345,44.98284891989289,114.1229515471437,15.978741381157443,169.68922178000057,302.5813233679149,20.845178723590987,9.734718420945638,20.432189430336418,3.6500419740494663,169.9647292896206,36.15327738569764,40.70500701749076,17.976188110777173,63.07756931640138,20.692083378013518,12.962196802800998,9.693763575379165,6.909742955118443,207.1374789800545,41.96067160527809,36.01026702359351,166.60622442240128,42.515276127368494,1.8150193152520242,7.665372449031568,186.18474217927366,222.98763845045272,228.89006633787423,189.13804333581373,141.0450368784222,200.2377916892593,22.106284971233336,34.64818939143676,51.570953898582935,19.8640110396809,5.299792801728531,9.075538413444038,46.256255504934714,3.6547548077211016,120.02476515391263,AFIB
9.953034360586171,685.382355148759,2.1969354390995885,35.75401478762951,530.8652128681155,11.320719103950502,19.544142437052543,3.472030549223739,104.55802742689744,71.05154908788545,897.6094529138435,1285.5787734501923,16.448899876944672,151.13036602829553,16.774461866785764,19.169754363567712,136.66325595052277,9.304874583518412,614.7267755886527,14.77128332266575,6.075575747073034,595.1767326266167,26.901982040132218,1254.6049318917896,988.3978346182583,7.807304735707246,54.35476439294133,38.77113297735198,3.201253238402571,773.3243161452481,34.88101213244119,152.21638400189238,7.36020395653847,9.310492031555475,49.072276807386686,23.013866733552298,20.76423209226957,10.838804402929794,733.8948945456217,93.33143348085837,28.580859226563945,596.1601031879409,101.318109608444,2.544434631237562,34.68726225627175,1048.3664410032684,684.8053276133163,842.6884087621486,732.9712992757101,448.3065269654491,716.2186719931688,109.10727674058174,17.877519799559455,11.84884659132695,145.8488692748263,2.76484306385089,28.34882383076764,32.88733989481366,0.8289448601601652,669.4046088470018,PAC
6.765119446604756,234.2779390853447,6.878654421338933,31.021365646736456,34.25047207013557,16.78081754848585,45.01107967229543,8.173440911810566,82.67984943619047,18.578934186437237,186.00290014023068,259.05187496633226,3.564957173381355,78.1873479346649,0.7767822467337834,17.299402943226394,87.41523167594345,1.8376477625250143,157.0775451124848,4.781330751370528,14.374419904446404,74.97698686918932,57.493330554091465,261.1700418191012,102.03668255022791,3.2129242096681905,46.04953508558031,36.27186358830674,3.3717197513679307,232.49950648790931,22.739178675498355,78.55138669026452,2.228872393491306,15.922401175778074,56.983781812390845,13.76647283677859,6.475150207890522,3.932589563514136,215.0435555136995,17.815547348512233,26.475244956566513,135.64248881161353,70.88849392927662,0.19974530838406818,4.065230508593895,339.2898242495448,185.22233243650462,119.31519458181502,152.72612497988328,0.0,77.11122606713764,94.69458688360066,13.292719611598647,4.348221961618493,4.711665698444255,0.4557665145846397,3.75139239390702,21.19722362027764,0.564259319753361,163.40543315012704,NSR
12.148849997717546,685.382355148759,5.863790926018755,27.440726367139042,530.8652128681155,9.995768250896326,9.130439420610733,14.706820867542707,79.96186493014673,62.1820100864999,897.6094529138435,1285.5787734501923,10.76456777664667,91.21281222649043,20.16029127680019,39.2681463723223,99.07963424099117,17.969901777575387,614.7267755886527,7.352124040842043,9.650984566145844,595.1767326266167,22.171052878477326,1254.6049318917896,988.3978346182583,6.972988247531408,29.788541660721087,9.286347125394123,0.943371001830033,773.3243161452481,18.770503148584528,106.48715596148803,5.955919999328871,19.114856953469335,24.072838958245747,9.756799090238896,11.392438257322807,3.2876738916628168,733.8948945456217,77.84699553531343,10.25690014381776,596.1601031879409,64.72359291047644,5.254079156524841,16.565860341500958,1048.3664410032684,684.8053276133163,842.6884087621486,732.9712992757101,448.3065269654491,716.2186719931688,86.75930806377696,17.013921549629853,23.38586179417993,99.7725302811551,4.455846008744256,15.685362265720109,20.96157260474157,16.062319481154777,669.4046088470018,PAC
53.42257559382494,278.1880798611472,10.27552350513416,85.22374173118028,22.233734559823844,37.41433221712826,72.22148234335796,33.55911183635669,35.311807123251675,14.629235088190368,162.6050872628109,442.8898435939042,1.678842645022451,10.246776186448534,2.2461624586299074,5.463033585570284,6.359906325212539,2.7475920610639575,47.76763049285821,1.9555652257613165,72.84152066370169,74.68621697821136,90.488771669216,100.065698261259,369.92259267206384,4.000543704412362,21.954613362453472,33.532697855885374,2.2717436403323124,225.89075882218398,40.066247819026955,12.693196172934782,3.679108104241249,88.67681187187242,50.43572085938799,8.971532369588449,8.766435499997446,7.2054712800639855,199.07157240538868,44.84666826534568,32.42312394461182,231.5052719672189,9.822739098861529,0.50860855611628,4.100536935624987,243.04580115505357,247.8143494854618,305.27924138730947,291.3810329721325,128.0012064251965,275.30661370335395,9.992706932374656,63.29232283639273,64.56364641449976,6.124521137182592,1.844410027445363,4.374157187162392,31.358663576525107,3.8360353868182995,61.65035818716499,NSR
24.59580095529649,685.382355148759,7.481947928011089,18.97228893904651,530.8652128681155,8.697504135073123,10.183410400281051,9.328512401001811,84.08097390676758,84.36515219724093,897.6094529138435,1285.5787734501923,8.241589501129694,124.0980086408796,27.45741015429566,70.59207609131667,123.81183644146756,6.843941309492438,614.7267755886527,4.887008104499013,9.601175803532517,595.1767326266167,31.244207968388405,1254.6049318917896,988.3978346182583,3.5755912653145088,48.69993913165884,32.077641560639975,1.722259503769922,773.3243161452481,30.95784490770434,127.01614847831482,14.518994541305162,13.332770078190311,61.909323463948674,17.6625162605865,14.79105763697682,7.154187078427532,733.8948945456217,39.29009868678609,24.590015013018625,596.1601031879409,87.99367366354346,3.8674342620286155,39.42898889138808,1048.3664410032684,684.8053276133163,842.6884087621486,732.9712992757101,448.3065269654491,716.2186719931688,71.04114268843098,16.686072065567018,20.393185395309718,132.0761268643191,5.0566672474883045,11.985949679727517,36.77489773420645,4.27586591759992,669.4046088470018,PAC
55.015158607167095,685.382355148759,6.76655548540307,102.49118832619959,530.8652128681155,58.87768366151692,75.26574998515758,39.079499913149874,59.46392687497293,27.684295838326555,897.6094529138435,1285.5787734501923,6.651231293372589,14.680778416444669,29.820558655484927,5.873765716981203,14.642926664819026,13.258676738266928,614.7267755886527,5.264145003154949,72.45053308966222,595.1767326266167,111.82993480868934,1254.6049318917896,988.3978346182583,2.7564118785709195,19.133531908615662,43.136415726976686,0.7081581265467161,773.3243161452481,46.162178045915454,18.01650439266735,4.629082090897914,126.13162298278425,98.19632862115895,12.181104031880077,17.671492392652635,4.739975440439325,733.8948945456217,88.074870533703,30.211591599504498,596.1601031879409,14.003472331810567,6.330614660052778,32.270745299441494,1048.3664410032684,684.8053276133163,842.6884087621486,732.9712992757101,448.3065269654491,716.2186719931688,10.419314388861787,70.93092875707364,69.40248822825676,86.8700399023358,1.8076418168897508,13.400517887723117,35.98932490581866,10.835285896548864,669.4046088470018,PAC
64.50102693098711,277.2421056706183,11.672148234897517,84.87702022853833,28.288333798382265,37.02473327562894,72.59594753661102,34.668505914539054,44.725414511533806,11.31918344673782,205.63572071891167,465.63360483124126,1.1673420144261464,18.79949208086586,0.8044391745537155,8.895169955162705,14.65097308255007,1.4345395313116367,104.03952409488188,0.874750744792513,63.36896554447014,104.29982737208267,64.98383080739833,103.40121397831103,420.4821348941456,6.804712646016526,29.85841718813367,33.226681664172176,5.378847199650351,236.09785577096386,53.82337907171089,21.651444879214953,5.954704708453691,86.18527989889319,33.687442501614576,11.036236200577584,6.942946479670409,5.751583145893333,230.29662742195296,57.80355790426986,46.566517804925674,260.478208890718,19.66669922462021,0.26142720988894963,4.1915470532515275,272.1078400518183,302.5548821408348,378.2141777783622,312.00272109558506,131.6512113709351,167.04126268873523,11.710158149036076,64.59167043196814,71.21604114246033,5.321202830627977,1.8699167873775144,1.8048935916510773,44.122185972251415,1.0456544696912191,90.45188760079398,NSR
3.5475355623063116,133.70606959843056,5.806064074819272,29.260007427016117,133.22694414875374,11.192701832930258,17.918016451572853,12.550147147716128,37.597794967392254,22.976463791726363,86.3905982418104,192.55321387332214,5.164848475929005,64.09678329478764,4.50011796088172,30.218567328592517,55.25421707594839,2.2085217595142943,113.8825171817372,5.546864307425846,17.747994820486852,167.6122539463706,51.695668532035775,261.2874556367711,198.73718650461518,5.102025715894836,15.949026765185279,26.83286999406817,1.7568513025563273,222.63633666692465,13.883313674671431,66.69960853727758,4.524583533527387,26.0594455716883,47.57164188807893,11.425754951645137,7.476347541151011,4.859706429962007,184.76515587089565,9.503837542731299,10.63087734136307,103.9549321908068,33.6394075370109,1.5452833827599146,4.0076942783139895,192.3629911312672,160.54664524074707,138.4282595135956,66.09472915108233,170.2617844746158,185.58074147353102,44.85776321414389,12.744574866217304,8.744113525388059,16.095256600241452,4.123196987551493,7.39592307086711,11.196269848028933,4.587600190437932,56.200066940648306,NSR
5.839348330623584,685.382355148759,20.961172911008976,45.086551052277095,530.8652128681155,13.341324515945054,33.7579945023346,17.15177642776847,60.736291611659276,38.40963457865342,897.6094529138435,1285.5787734501923,1.218646007907646,45.31239128551615,48.858912940457664,30.272813522193243,47.23924126784725,6.384262426550905,614.7267755886527,1.8078760343696665,12.931311654500764,595.1767326266167,64.5259934950723,1254.6049318917896,988.3978346182583,6.099547228244504,11.591557286176673,10.714635987166051,7.048246607616011,773.3243161452481,3.6211939820313663,46.122099584853714,6.409814709125705,31.136124713962126,62.4585759127339,6.140395565348577,41.6434330935243,34.47910163783638,733.8948945456217,84.67976507544209,4.408031955217551,596.1601031879409,24.36480487922932,5.607409245097384,56.539523630484354,1048.3664410032684,684.8053276133163,842.6884087621486,732.9712992757101,448.3065269654491,716.2186719931688,45.37863873487549,14.795596796682387,7.938643617906352,116.12008304361892,1.5256042375480916,6.531257115087247,8.068102917092439,11.599215611375795,669.4046088470018,NORMAL
10.274638154561748,102.45302215844713,1.7927374198602897,35.189424552703066,106.65910768397774,9.743208353749905,16.783661787969354,10.947719199817382,58.35420340967658,18.691466224465042,267.20852954955,169.36077987141402,4.6938929991037135,66.1014286927983,3.161676961683043,10.87805348942072,65.17178984407224,3.3681944233659693,151.92779532003908,5.391849057460216,18.73122908843409,121.74658059969249,41.34405397464185,436.5156025643901,143.57273179931755,3.302765281851882,24.143832505444294,20.913714399248683,3.682125604923414,165.1671069293841,20.32768621046662,67.23142875312605,3.171921666112136,20.579083304883863,37.47928288299489,11.354984355787757,10.956644171208724,2.031468828294496,224.24794996571399,27.32262051257088,18.006226313268442,120.13575450078586,64.3460697464529,0.4344358438926049,4.65136995793215,279.5100937985482,244.2954881182298,147.08604910630916,57.69137697847911,109.76839881215918,141.93663286215525,59.442375119060934,13.284334483456654,12.639961096527017,8.882084574806802,2.2682023544352052,7.777554588860761,28.587966672036785,0.4021657373279998,146.22965305893806,NSR
41.86247944034986,685.382355148759,3.1158555362710465,98.96982048756547,530.8652128681155,44.92164877223144,62.786811188411846,35.81215639544025,49.83099096846352,30.763192535085103,897.6094529138435,1285.5787734501923,35.30814057230816,9.337678269007792,6.809430821406455,29.154988814905035,10.063420597163645,3.0170006626714847,614.7267755886527,27.922228510090264,88.43028985645589,595.1767326266167,67.65362750475504,1254.6049318917896,988.3978346182583,16.071428719945278,13.72781828919227,43.61574269811065,12.40565023995434,773.3243161452481,58.84341412145606,9.161513843360524,25.834394866094105,121.92226575981692,113.72894098631483,8.91498775274481,13.634221973082289,11.546734388334297,733.8948945456217,94.58861368646082,31.740312328810184,596.1601031879409,6.368181429813322,2.5537600194562007,15.757006966955625,1048.3664410032684,684.8053276133163,842.6884087621486,732.9712992757101,448.3065269654491,716.2186719931688,7.6751869471792205,59.70337603288998,50.493510133599735,60.752052577859345,3.9833215095148526,49.56375043705833,24.05689764102595,3.3080913256047104,669.4046088470018,NORMAL
3.8596653152899414,143.2588016428694,9.804535492002143,38.300938594334085,99.38577184225802,11.581460106248205,23.971227657523773,15.238671804862777,34.650526446362925,19.461168805414697,53.6545202246124,265.91149691622326,2.4930980268881875,36.34996431631339,4.105128711138669,17.909782436688605,31.69663913137065,2.2460711184894993,89.62926064642967,2.2164597559567496,21.4707459619959,152.72782480088256,43.310751470716,218.33132811230846,228.079953911268,4.144799384762992,10.300115747349842,20.324458403528045,1.4668109116434314,203.51032339335626,6.393964591940289,44.15105580290246,3.2089878586181455,39.63341536773787,65.58086116439962,5.878150620123972,9.060892945734143,5.096706682510976,174.23640735887992,5.935726002279512,4.721130828478865,76.0891051831428,15.118933877687708,1.1485760129151041,5.499485739519447,139.84406082261654,158.078989501244,135.9544544752234,85.13921319061996,174.5588879318137,202.6227545756465,29.56481302641716,13.604422528869673,13.090845411895268,14.111061345722652,3.117165496411434,5.42824380089294,4.779110063100748,5.711216663837534,37.90641109976412,NSR
65.49664930990988,685.382355148759,18.322875819012715,105.46857813933173,530.8652128681155,18.8948144761959,43.28108277143595,27.5024391573201,107.8678630665397,20.5239864217184,897.6094529138435,1285.5787734501923,1.5223121555541566,86.34662569746126,60.16196148341532,21.432617124191864,88.5302256648851,42.932043315883,614.7267755886527,3.4122740121330692,20.554757639263126,595.1767326266167,36.80288437079702,1254.6049318917896,988.3978346182583,7.16934706957027,75.77496168346396,33.81624797547499,6.782352291875839,773.3243161452481,49.46182959357703,124.30341097336341,2.931980421352071,26.5680764291054,27.00240332149986,17.985544787012813,45.49519388319683,11.526788840018257,733.8948945456217,126.1013831674779,55.58866820447148,596.1601031879409,94.33377481397976,2.2488265785105344,57.72675719768831,1048.3664410032684,684.8053276133163,842.6884087621486,732.9712992757101,448.3065269654491,716.2186719931688,80.57396815636314,56.15471563624168,67.68480317571623,152.22243364454945,5.790937691980664,2.939331766819845,76.46283348003385,5.004838061076228,669.4046088470018,NORMAL
34.226220218695694,55.429320160712294,4.082996813164751,40.96927368865476,120.99576267467287,13.568443955268968,18.738920388043173,9.95964020217145,131.33631487296435,53.53038618180382,318.93247774273226,77.07120208827223,16.553377682519905,119.93714817784503,2.2517147353384486,29.309239888200857,130.8542190620004,7.966378291208996,229.9081550708058,16.678324417078212,10.026318423811547,215.89307681573666,28.538988486195223,584.8357481428288,88.9873411603454,6.7639329778794135,80.84907066998585,48.93482923107893,4.303659683608501,202.7854153179283,54.12791482674845,118.7726334296232,6.969879386204037,10.315221302063804,40.81641177779436,23.877052781198056,13.179274574646993,3.1596407645922597,286.5180694616559,40.36004751569722,48.81905705357163,183.3499630300427,121.88926544103171,2.7058056626414526,11.533663792023784,405.4651330181946,319.8696968442455,115.50272762826523,68.84624408815932,76.94960718835767,74.6420894619766,119.02065623214429,34.93929504711338,39.32920319222808,5.269770421502404,3.476701899655586,19.616847072105358,66.10790586934772,0.0,254.38030500686514,AFIB
38.65514445101357,685.382355148759,30.54667569839085,77.4501591924059,530.8652128681155,52.361704629782835,76.13135570851601,28.97929476295127,58.99733897030597,10.634187676945437,897.6094529138435,1285.5787734501923,5.5917420690773,35.79082154836096,50.662126668618825,10.578087201430527,36.6524081493928,13.262092072333228,614.7267755886527,1.7862184058583095,58.851628262592904,595.1767326266167,86.22470907683928,1254.6049318917896,988.3978346182583,13.802200654678666,13.685349318374174,9.508868774308679,13.809952896068891,773.3243161452481,24.966197419975998,42.65314769894856,19.981366932726793,84.556122317041,88.18204607276897,5.7600863826537045,32.7606795814448,25.75920012872268,733.8948945456217,76.60413472828716,19.033544722370987,596.1601031879409,25.123241205471437,7.369606087237717,34.96329767582081,1048.3664410032684,684.8053276133163,842.6884087621486,732.9712992757101,448.3065269654491,716.2186719931688,28.990416020067425,65.98519499891117,49.643558177124234,107.64652750701816,5.3995694741914635,8.697034956847501,27.311924281110738,18.457678302289434,669.4046088470018,NORMAL
8.457831094025439,31.20559409083184,9.862295280808835,21.971166307469964,123.86584540786082,11.892433040667346,14.807530568211446,4.45874835996505,62.78204861022685,9.634970646951619,222.79072322159186,85.4779332909762,0.6984517178965544,55.82710723332307,0.7708102722693753,14.864121220115777,65.69986468806907,2.634239479696988,153.9007400013303,1.854746649506775,2.720963406667273,117.71466413767871,47.60362187731302,399.29723867311037,95.00046327970753,5.550370655888246,33.402679814545216,18.118679237575034,5.5043985241782165,116.46594506569882,9.169752090954841,56.163973633553425,3.9501833084575937,5.44629408037259,27.732845178855595,13.256822100860571,6.886095366339098,8.213778097297507,176.27566203664543,12.558769853624652,11.59889202461234,82.37338430856985,60.72980524457396,0.2754161545101784,3.9784452799437666,268.45574345951985,234.4075574911476,91.68979003554911,40.30570997289377,82.7019776532726,84.13867224354412,64.84327416578759,21.892711258139496,13.707524019973391,3.909850359877849,4.716721046932378,0.9116002683913949,19.770446394333305,1.3044826199204882,126.582662199603,AFIB
7.718332781720438,685.382355148759,11.509079031615753,59.61088226535496,530.8652128681155,10.357688716046486,28.90334624592814,34.00951295922321,69.22563301203581,34.153842509925305,897.6094529138435,1285.5787734501923,3.4637607655386535,67.22010463267812,44.09354945284059,12.884942022219056,60.06683558917257,12.236961840652988,614.7267755886527,3.8055012918631355,24.65356799987795,595.1767326266167,54.0257360942119,1254.6049318917896,988.3978346182583,4.4355079961246515,20.892817726112106,28.842917189546288,4.025377095006087,773.3243161452481,17.74840801015528,69.68868931941647,3.1494497145973335,35.81231778867836,69.412305269443,10.821303536046223,33.38341162522733,15.4127506662401,733.8948945456217,103.88477002171935,15.922255718933574,596.1601031879409,34.32682871014057,7.902931270358745,58.231669405353834,1048.3664410032684,684.8053276133163,842.6884087621486,732.9712992757101,448.3065269654491,716.2186719931688,46.13939347309381,14.146101002880668,13.10786090626125,131.76155395833715,3.048350733524298,6.6816727281276656,17.80097624943636,16.053641975625993,669.4046088470018,PAC
40.820870495485394,276.1402163126189,4.911916980579727,74.77874636714101,42.823420181607865,46.799763446734225,67.05694715577707,32.189109044793,45.90221418159766,15.157590629760435,150.2470212954518,500.30190489953867,1.9244507339847174,19.506494667703713,5.614877376910468,0.0,12.113073001702436,6.736599575953844,39.4669648292843,1.0110483504099845,70.51699467359211,106.10382805919937,105.61458785467815,210.67117985323975,404.64939303556645,2.955008909791472,11.215328676208316,26.04917224752327,1.2330785727951126,249.93188635393733,33.622000363051036,27.77708038153516,5.260352868201692,92.54949898693836,50.626326791033314,9.997343081858375,9.254914325173077,3.0109247073572853,243.77113876615098,38.4361926324122,23.571881605044023,201.40858390652284,11.722168729219812,1.3600739100226862,7.6344174694735925,218.15908143374347,217.595253982835,291.6389969773309,256.8358281948657,188.62007143342,313.58425395431067,6.48004748661241,55.802436523866874,62.4495419157831,23.128292454554998,2.695269382746636,3.8641642948092536,28.900116026373457,6.420884863622941,52.82368429793816,AFIB
10.290904210994274,56.970886591391675,6.950372486693421,13.834881211952466,117.65179931774296,10.539224342396539,20.456609810191264,6.380232393818721,72.68041221184818,21.829421320430523,126.75722317667007,119.01191436091644,2.466670604235579,75.1365723252055,1.161433673153384,29.55072747953862,86.53970633635535,2.041900776583728,80.70523839017633,3.877040342126275,6.671359807493605,65.15814769808577,26.316676155757246,350.5772966000607,113.34024790644138,3.9188357951664687,39.77807229381097,20.983661406270663,2.558865161122689,138.7034025564546,12.082540704403604,74.68123644187139,0.7415323217106292,12.383058989095659,32.24753109789776,18.00878717145383,6.709748519145947,3.0205765053096454,211.58032642725098,13.796390010095902,10.7092997642064,121.53991593107813,62.5210407669932,0.5134714581400532,4.912886931272349,222.75741513862872,225.8250245791296,75.5446896170383,48.248844462353055,63.96501293599305,94.89794796356419,84.30251094856501,13.822019691264392,13.938398810977846,2.9832556936370547,2.8203122217984884,4.819602969339817,15.864948062231178,1.7020166586725405,89.01904463708686,NSR
52.267693538266286,685.382355148759,9.133551228132085,112.05616482391154,530.8652128681155,48.763767057558525,53.00281391368678,38.48363862990763,93.5533762805447,18.233309483028396,897.6094529138435,1285.5787734501923,9.770347749119729,39.60783486595848,25.193760073700616,13.855318271573928,51.31826952252744,8.065991124967052,614.7267755886527,5.370271311804027,90.95326809119564,595.1767326266167,65.80464444411533,1254.6049318917896,988.3978346182583,6.963370391438013,25.17173793732997,43.95464501627679,0.0,773.3243161452481,43.72939444639913,39.25058922003861,19.912707540992564,129.13953114172483,76.14632284011714,6.5105318730654504,12.11843243885455,17.99995653412964,733.8948945456217,77.71974049523506,66.36247874579932,596.1601031879409,40.210059947237674,12.783895610562984,35.337254356279374,1048.3664410032684,684.8053276133163,842.6884087621486,732.9712992757101,448.3065269654491,716.2186719931688,33.81657441181049,56.18820837290295,63.63350068275032,51.35294093032397,4.9374224206024,17.415521366481737,47.854748236735105,20.385755882168635,669.4046088470018,PAC
32.62000336619904,685.382355148759,12.768124460783103,55.887757329059426,530.8652128681155,40.890423707518586,44.44240242656159,37.47187734398138,0.0,65.10953737749604,897.6094529138435,1285.5787734501923,53.692718865704954,21.255853370118377,4.292925649240298,29.112338660224765,38.85445308337703,5.692915370166411,614.7267755886527,30.8010407093655,69.82866823898975,595.1767326266167,41.53871805753747,1254.6049318917896,988.3978346182583,31.08011284071985,15.782095259244286,32.37234037997466,5.616283229077731,773.3243161452481,73.74206053758697,19.244026421286282,35.466212038527026,108.24101856847541,75.97994500951089,9.302833875661252,0.0,11.884944948481127,733.8948945456217,73.20120394485959,29.699265993028085,596.1601031879409,28.393065907148205,2.7797355901383916,8.977627132609387,1048.3664410032684,684.8053276133163,842.6884087621486,732.9712992757101,448.3065269654491,716.2186719931688,22.374742184138572,48.03277109702368,38.760729966366874,90.64966596336804,11.420914941530318,53.289180663071654,25.481705216579257,3.1997135417347433,669.4046088470018,PAC
6.462950769106437,119.58541985178677,2.3282923182910933,18.793128019250492,113.60509641237061,7.605771746708433,11.68707603222283,2.9907392749317463,36.517440507544144,35.58838761920588,224.15402459576438,159.18012699809225,13.880757557981836,59.40349372951102,6.191775446491439,20.34680365674612,64.16324725987243,3.963044149716093,182.36860812883387,12.131650727681933,8.151841946967755,206.4026043779891,19.620966376559394,418.0037922389568,179.1614387548923,5.056217556752506,21.054241354157387,6.75389920650529,1.659220271996072,159.7757849333612,27.009211610517205,57.25932975010814,8.987466572475038,23.227870830479755,35.803929560673836,5.597843535250671,6.806795473128677,3.8038906372292143,186.6350799398406,11.340448302071437,15.652608231745749,78.80121142215312,42.200113396049076,3.0069022095674995,10.085711886540787,236.8987001885044,206.132502829985,137.71878566412374,90.1406479376062,191.89090324693305,154.376371295536,52.079425030160635,9.780167323922024,10.337511915683722,22.464650370336233,1.4157545085348044,10.342181691563082,17.902118482782587,4.2691529019138414,158.89491838761256,NSR
5.645345438714039,685.382355148759,7.547358680781785,44.325063661959355,530.8652128681155,10.993924136511252,21.702082950774184,25.089417485190303,62.36773248488023,46.91261187328954,897.6094529138435,1285.5787734501923,7.176531433759595,50.0689166195343,29.829412092587898,27.237944982807207,53.370306236905996,10.688557586889782,614.7267755886527,5.286740766821978,20.37210695092234,595.1767326266167,53.156502645225466,1254.6049318917896,988.3978346182583,5.593843599021017,10.262716520848873,18.899348850857773,1.5584230096567941,773.3243161452481,14.084583558387372,52.07012278959499,4.07907716050866,40.49093602785123,95.00042067172541,11.055303039687619,19.003377775532954,6.105502719889128,733.8948945456217,97.17471215032566,4.199195142176654,596.1601031879409,30.849024772306645,5.790430471355348,35.43865940572018,1048.3664410032684,684.8053276133163,842.6884087621486,732.9712992757101,448.3065269654491,716.2186719931688,39.4198936732287,12.252689275412214,8.00946284772191,94.53733679519615,2.8003827461670627,11.88800605698518,12.227233754663178,16.066614283335845,669.4046088470018,PAC
33.182055895179516,685.382355148759,10.33627231920583,52.13394308962846,530.8652128681155,37.68806746551086,51.00585346447009,21.178136450539668,50.88746051695278,44.4343860882985,897.6094529138435,1285.5787734501923,17.73969402239297,60.88490177918255,34.27480963459505,22.661376225702366,67.34321150428556,19.49332279857917,614.7267755886527,20.76959594880554,38.923660130303524,595.1767326266167,38.76315925521172,1254.6049318917896,988.3978346182583,12.516363512720751,21.352806750720518,22.619832527693724,1.154610500559188,773.3243161452481,30.325531127200342,62.330257150844034,14.606263456820212,64.33096734554134,70.04151108113496,13.444692556753608,31.534548137025016,12.222022990758074,733.8948945456217,83.33193857062209,21.891038581613312,596.1601031879409,37.476064697337385,10.20781229069617,44.513600997007316,1048.3664410032684,684.8053276133163,842.6884087621486,732.9712992757101,448.3065269654491,716.2186719931688,41.14087220306843,40.50955614957214,48.94838775220682,69.8446725237329,14.196290072707068,26.52841390775311,33.737362811688875,17.64570396781855,669.4046088470018,NORMAL
4.325742851096645,152.87286756249455,4.772818897318763,25.395211309008374,53.87700590174917,7.895055752426106,29.578037302993003,21.509612703863382,24.810024304838983,34.413021701965484,53.66465346575777,258.5257929642615,7.9247587382574425,31.54351458974331,3.329775609099958,10.876086936197256,34.83994006522591,0.7036514264395043,62.45506116765599,5.810869017228316,29.22382565304898,60.052605515642206,41.596795698847885,184.72353408763848,181.0054909150769,2.6128737957572863,12.305086446448145,30.66714976168616,0.8078757156476437,242.85638777931462,14.907229089531377,31.967088060376135,4.3465463516169764,47.92063117514611,62.18779491476579,6.769449607864402,6.889163872534629,2.3700601502074385,222.71545549013769,8.361348773097259,10.425989067387016,126.13890862794494,16.59133999501521,0.9204343793302266,7.903446978694801,173.70345041506891,178.7646789793582,115.41596430741801,106.21064073936316,59.87898672410701,190.7840037873749,32.50048011406211,12.893148212902167,8.318482681602667,12.493883455343289,0.7995491415714916,14.155507415945454,6.718588944621247,3.975928635656607,35.54339647595937,NSR
13.114628650372007,685.382355148759,8.705097548335182,36.62491639719551,530.8652128681155,24.857339489161685,29.134172078065756,28.400355968521552,40.009841120799244,120.93574665195379,897.6094529138435,1285.5787734501923,60.361728554567435,57.578824841054164,4.771556213976219,38.07809284780785,76.63777399528189,4.697345886208595,614.7267755886527,42.60948479114352,22.11872982760602,595.1767326266167,55.082562862246036,1254.6049318917896,988.3978346182583,30.791012935345762,12.574954325774122,27.61429802225516,3.2579060307452163,773.3243161452481,55.99242156342324,56.77398948575842,43.78393491375533,44.95509510554292,62.42855843413078,9.666476617503422,3.9340629070399395,12.560399168744606,733.8948945456217,70.93216409336185,24.95168320593257,596.1601031879409,60.35634847505697,2.1024255551856497,11.32784305505761,1048.3664410032684,684.8053276133163,842.6884087621486,732.9712992757101,448.3065269654491,716.2186719931688,47.70146662059347,27.16978938548533,12.124012055716376,86.85802498608703,8.08410521840724,18.05215094902248,20.463953013877372,1.9747764310747251,669.4046088470018,PAC
13.085051295963492,685.382355148759,14.758713418105707,51.83265329470056,530.8652128681155,22.70776120035414,32.27963553600304,44.9834025607647,71.2511136983355,25.293902772120163,897.6094529138435,1285.5787734501923,2.6389337065224554,56.241217619480956,50.42540473671192,9.86291763988267,50.5187935600338,28.6416919887075,614.7267755886527,2.348839014547619,37.324572680643286,595.1767326266167,64.45942009699753,1254.6049318917896,988.3978346182583,3.613403565279403,9.378337782576654,11.713935905235795,2.9000751484017564,773.3243161452481,14.203909203148589,66.59601977472948,4.511268238988083,62.58915828260305,61.8798887451065,3.039868887890936,31.164101414582756,9.113260773624592,733.8948945456217,92.94349221886083,13.970033421433582,596.1601031879409,30.817740829140828,17.369879718243187,48.28238818964679,1048.3664410032684,684.8053276133163,842.6884087621486,732.9712992757101,448.3065269654491,716.2186719931688,36.58255610134571,25.896907464395053,26.091553006379954,92.89739130405127,3.5987187639622076,7.901832536582574,17.68273922282725,30.581446778749385,669.4046088470018,PAC
14.335822517703255,685.382355148759,2.2938261539973714,66.4641197713801,530.8652128681155,18.191540404728983,41.962384047556895,38.245848742359556,53.6506196182955,68.82490109983215,897.6094529138435,1285.5787734501923,28.602768851303683,40.215677180191385,13.955525166653432,26.825426490133516,31.062284623344322,8.997218158901164,614.7267755886527,25.899270157607205,53.028409677026936,595.1767326266167,31.578957111503616,1254.6049318917896,988.3978346182583,12.12571197312463,16.445949488991367,43.51136289633957,8.311969133333513,773.3243161452481,43.18096025533801,40.50064724395257,15.790353388354559,80.01703055306173,126.02977525330124,7.646493625761508,22.551449870566703,10.766722194223624,733.8948945456217,93.75075364942069,23.409656325056375,596.1601031879409,17.861500981968035,5.987342712626656,31.561156193736434,1048.3664410032684,684.8053276133163,842.6884087621486,732.9712992757101,448.3065269654491,716.2186719931688,21.95453723919238,29.348994325052605,23.48929136997074,115.61032060776198,3.3504457358544832,44.21532077786505,16.869454663294604,5.0676370021680945,669.4046088470018,PAC
10.345187257608625,159.4910141927034,7.63879740516511,8.677306644810045,166.9755234686633,9.561012935283987,10.617277880292162,6.205086292039517,55.51312169481816,27.199276962277956,240.6950125759312,220.65760191971808,6.6630517098689355,76.47604026906109,20.12959806518554,33.94738725131973,88.58623519886898,17.588494024694505,190.41692877445695,3.0307933252110644,6.439274794796667,178.65063701053154,23.823041703094294,394.56628426054294,195.96335166549437,3.970869308261473,25.585002021065275,10.70654238135668,0.6637736692093368,111.54427474959738,16.88814453580981,77.78038225205579,6.001624879439328,18.554139940515697,34.54719026844535,7.7561213947035155,11.294736989434945,2.1742704512512945,238.4647820759775,29.42091416131922,9.926136853331823,54.80606169581687,63.651812198444354,2.5089634261427145,16.39563357062868,218.00947595700416,261.3183187884705,212.54689233681984,136.74327875578166,205.7959426346786,209.072216341687,75.63170890623371,14.004922019580547,17.018585729574347,77.94427519453465,5.023583944648621,8.729340273717686,20.509703638708494,6.39163635472027,195.34951981825134,AFIB
37.596200449562076,217.357017675123,9.732329695637741,54.47014030117081,107.65567932463924,34.2300853724399,57.67699283461307,24.378967391938986,54.43507334477408,12.672148063289892,231.66603999359364,388.41844018530395,2.2276541227799647,18.567665597942838,19.322885768530103,8.340184023127502,18.667910870251117,4.7255762243365105,126.4886734185749,1.9192722571017375,55.465483463942576,123.65537065582359,70.40334320062,281.4777743781041,306.41861272233814,3.469734998068174,14.9739198797126,11.261772344445893,1.4383547782248969,189.0785089221467,25.947728310035092,20.43706444240994,6.6524616953610565,82.52778489465904,29.934170919572917,5.129548970254187,18.148848565018536,7.989311371666729,194.3625715876497,32.59714448415703,20.811647249080952,181.4544943864305,16.617803422495633,2.888015186113648,15.008854282967937,205.32481126478845,202.36431830410734,261.59054864097806,205.12589421071317,224.15326348272455,285.486959915976,13.283816792740097,46.92734485157825,52.26057266305123,45.90578749468788,3.1293066250114956,2.9793185473007413,24.098461277259236,7.648725441833165,91.02166342591592,AFIB
5.737701318158785,685.382355148759,24.975749439098504,45.43416075504602,530.8652128681155,18.795042868845144,32.692730237651766,15.75196502130501,49.21012663099466,21.5041324759943,897.6094529138435,1285.5787734501923,1.3278440760161654,45.50407353413797,54.66267904316617,19.685859007701627,42.0921602233434,6.78015763721065,614.7267755886527,1.3025962644619469,14.978855353298222,595.1767326266167,74.02486054782929,1254.6049318917896,988.3978346182583,8.386134172145335,10.293256043504451,11.896860685696096,7.449015527598014,773.3243161452481,4.580726174394449,54.28097100283634,8.244562317262837,32.162117872829725,70.55889225162684,5.997339989217088,44.481834897311565,19.42940333841934,733.8948945456217,76.2278491297358,0.0,596.1601031879409,24.89548093344722,4.50472738412858,54.49905585649265,1048.3664410032684,684.8053276133163,842.6884087621486,732.9712992757101,448.3065269654491,716.2186719931688,35.87020173359496,22.06095005598082,11.597995228753785,127.29450510223799,5.076983941836728,3.665235597208777,9.685069770779421,14.576240119325975,669.4046088470018,NORMAL
37.553187730377154,307.55600265135973,4.19812929008053,77.21801931193217,30.12893063902914,31.92572690944267,52.60787436072348,33.18039586463289,35.216500422840454,25.99351607257336,76.2072219627052,544.8398770863113,12.506592093184091,8.680094004159026,2.1326175977776667,8.10094873855086,7.269518631321989,3.2050608926928783,54.27887679193785,9.573494367732566,65.01353335213966,91.97486695543571,68.50209901581223,161.64719876066735,382.070220944122,6.478237939113809,11.716752670281235,25.930415876969402,1.204364414741943,274.71450331460005,42.208567553442634,10.187096441702066,6.074714206544198,84.50845488005773,51.81518043087058,5.886513182060464,6.0225710753301325,2.7181656657991256,262.90627450668705,31.466026370477508,20.93182944550217,193.30550780461826,6.665951815915216,0.34405453629770755,5.31738221114206,198.18970443882392,218.5240412966886,284.76940401102064,242.13000260395862,150.86655854840726,325.90050468205794,5.380565008682234,44.41849230016016,45.65168130524012,17.561788536355767,1.3052795500073942,19.112813063124328,20.835406078847186,2.124722413006547,41.565715825481476,AFIB
45.620606685278325,685.382355148759,3.7403427582931843,111.45494580294678,530.8652128681155,12.640037780134426,19.201653052470363,17.81895699178411,125.99659375460223,51.504259558740785,897.6094529138435,1285.5787734501923,12.615344622304942,125.48529483672066,23.427399581525552,13.4818332134666,113.20834209627566,8.564945917576358,614.7267755886527,11.144085337056392,15.011779610049084,595.1767326266167,44.12736035599773,1254.6049318917896,988.3978346182583,4.703432515466645,78.78518024449177,58.83889285431355,4.912980944349256,773.3243161452481,59.30590814008557,145.82108451683456,5.655589963412225,9.84709618785261,35.15329523510939,17.122956061908447,21.726076792436373,7.336432038475528,733.8948945456217,100.87040490326906,60.49025526259568,596.1601031879409,121.02751334448676,3.949888126556281,35.6579138388518,1048.3664410032684,684.8053276133163,842.6884087621486,732.9712992757101,448.3065269654491,716.2186719931688,103.22790738353902,46.49347526308098,42.25899285912278,151.89527656556479,1.3360237678706082,19.996079040085988,78.92817239736722,1.6517936661381738,669.4046088470018,NORMAL
30.745347889322076,84.9073417635661,0.946884253871875,41.53892209995294,139.66658062577088,23.501088808473714,19.73871413023242,6.408888474431268,112.61446525554129,54.76921855160805,351.99728241533916,98.06858214858379,14.53086703781603,106.44834198040226,1.6415451307086042,27.35710236539767,113.03818489480125,6.882255777312384,258.1743490620037,13.204104888867628,15.001203496073718,215.2687762004533,43.049520528828246,520.1213412528944,96.71077184814389,8.346826239149944,71.75306809740181,40.913189833086975,4.212645552701628,240.95092284886755,70.85225468256878,107.71292296815126,7.949304427687205,8.721306569175976,55.38197353263949,23.573917187942676,10.054981251488265,2.592342278941101,159.65204154448622,47.00209504492426,60.28235733135312,190.9935064576905,102.43235811515775,2.4577063061682116,9.721166595064526,418.8019436255607,161.64630338664912,158.92724997701598,80.89219593968764,80.86633961489943,114.58478099941419,100.66845872223183,38.51030525198543,26.99795067058981,9.843308001628841,4.017096527227257,20.3177116222044,70.02287823642654,0.2522977690887472,270.7485870240264,AFIB
31.020325341530896,685.382355148759,37.115256114037834,63.66572241317338,530.8652128681155,51.57277348659414,66.78073288381299,16.805721537680377,65.08329710555027,8.803487183623037,897.6094529138435,1285.5787734501923,8.810153167181165,69.55189956502053,24.633005926121136,19.67356797082582,63.315379536299936,14.359985971065122,614.7267755886527,7.280429975071364,30.916203620568627,595.1767326266167,79.45374510324551,1254.6049318917896,988.3978346182583,29.146105461848254,26.795660862088482,3.0580144800967606,26.189072513432507,773.3243161452481,19.828718264924134,72.52670904197922,24.453865351531924,52.588666037593214,40.22350275589452,4.374874298371133,22.79124742496379,26.6988113538338,733.8948945456217,53.3298485997831,19.224719881037693,596.1601031879409,48.13438234439581,4.454323317707347,15.325581712321448,1048.3664410032684,684.8053276133163,842.6884087621486,732.9712992757101,448.3065269654491,716.2186719931688,45.76305102374195,63.144774032724854,40.56850788838251,82.24995498850416,5.190383044051512,3.696771740724302,27.778105354645106,18.89782895471159,669.4046088470018,NORMAL
9.014482628037971,91.98490761436597,18.43907990742197,31.634936072111493,58.345554906124725,23.578654821016826,34.511306054137826,8.18313303754504,45.62726805973611,5.433809317104834,165.9887301372125,224.2162177915335,3.098488719243314,44.32521122715594,2.987492257646743,22.123246236173436,46.01813318578398,2.134943795351861,42.4367489721146,1.703613090623848,10.978485630830773,80.69293853523254,74.27065240719782,297.2821475739949,171.2640624566969,12.986904330628917,15.430972134092924,6.189736169762377,12.858283370851892,160.56110639307184,6.025660138786563,43.911292195286904,12.06759727342941,23.505568381002796,37.40203475570752,3.300514099693825,8.8538166442565,8.53320265834044,155.37423133585347,7.052066157017772,7.277591912140728,132.98188869200223,26.787966955501528,0.655365479659992,4.399403408856284,190.2780081837094,206.27044796894484,132.4297474905277,105.00249705814477,130.46505350722697,111.93286193270028,49.29279696875863,27.740782518027462,17.80355803050358,10.949738629431621,8.56338033893761,1.185055229713525,9.325476951959153,4.1822048177337035,78.23457753462635,NSR
16.431777348517322,685.382355148759,8.601962637106176,47.54095773651313,530.8652128681155,17.76261754185674,48.754715987005795,28.001894883111817,34.051055073707644,41.50127328518701,897.6094529138435,1285.5787734501923,6.277352468542862,18.701234854280564,21.73256072009468,34.67560628238005,17.08129735120541,4.213869758963369,614.7267755886527,4.705731920962169,45.45278872238597,595.1767326266167,41.315679936983244,1254.6049318917896,988.3978346182583,3.9123683710176906,14.868959237293181,28.46626635795625,3.10574415582734,773.3243161452481,16.74164980470492,18.611116800357163,20.673278179006868,75.22381842625524,113.86951673145184,8.129558427413041,25.604332486308945,26.85341779817804,733.8948945456217,77.6522892696924,17.755216486335584,596.1601031879409,8.057458860130833,1.2597754031141761,40.307760956600134,1048.3664410032684,684.8053276133163,842.6884087621486,732.9712992757101,448.3065269654491,716.2186719931688,24.523324970238203,25.034159543511652,23.290350399610475,103.68278027274559,2.2559018542243465,46.84330266171086,8.282808267113404,9.028216509922077,669.4046088470018,PAC
22.553839869980184,253.3083040661455,4.63644808597057,58.36838652455941,21.19801890417812,13.406800332182032,33.995589277854705,30.463267558221958,32.05239151401201,24.81127906777083,149.21760587816212,432.704102785797,4.891813601230182,21.33037555543589,1.6999739353205023,15.180812601955271,19.369187322400794,1.8699362670801079,66.21740238600219,4.330955491336524,69.38392738271344,83.51850229530748,44.69569134565825,70.41661986688106,304.30203524176255,4.675629327682147,19.355317104396256,30.302370341122554,1.2480899854147598,285.5126246857201,33.2025103545094,21.70770273611278,2.551477338359119,93.80305814582745,66.34943084542485,5.3153467673623105,7.740211713580077,2.751283869254205,247.15782760746896,24.271576233502074,28.943502844793375,211.40423759349272,10.248141351642845,0.2736802995588188,4.219469448864395,278.09568754278996,207.25034048827968,184.98609525347703,253.2254288017368,56.93900110505777,242.39493288835783,19.27799904596107,33.13724172175699,28.536129852353223,4.804506278163662,0.707869248479259,8.415053240454043,14.437582721760691,2.8930450274557082,30.3978430002727,NSR
15.353866989239364,162.7170864949305,23.061948487388737,49.09135881402547,33.21705833282804,37.87883299397972,58.367340758573576,16.842808882648356,41.93836239599544,4.62850459125211,167.30820165574391,358.22756183219053,4.63241855723104,27.294423943890095,4.268093782834143,15.363963106729617,26.348233800471352,3.653407730914906,20.671089757791364,3.420620101540898,27.960096799709937,43.82712398553057,81.01966504109721,257.89322518883,243.05999094887287,17.643659375081402,10.665591186445633,5.069964970649685,18.183983525909454,165.17254921447545,9.39600002133912,34.28969441840674,17.76118790743147,51.66458616343422,51.22870780033212,0.0,5.709880391116267,14.023067099499263,182.31560243215645,12.862209831282954,5.950147652788518,160.1074307423826,13.823311802727696,0.5579504537344282,6.264537864638743,195.6035512882199,218.96346913180838,195.36204303266967,157.7451370399467,114.30425862688693,179.44510984472072,26.44643729704095,42.501702246584316,26.368560489550195,17.87608612834814,4.398870816895402,3.9127787122547373,10.894537979547136,5.1216996992393495,71.57626949248144,NSR
15.951449502768911,40.44348109571955,7.689865086140243,28.65667165828109,95.08940646813443,10.085087605499234,21.521268160326784,4.498533862188079,74.65166603373532,9.585738488004607,249.55062732813954,111.276320394644,1.4626619609222786,58.80722836075184,1.5457718092246042,29.09137787672298,63.22489025777058,3.5393231195623263,102.44056992508823,2.021810949378981,3.7368582632833145,95.65449462203,45.030876388445016,329.20686142344516,91.4417065644573,3.5905008330487047,37.38205907590852,11.405644307078122,4.467174629835807,142.53467494739357,11.709291990067227,59.18062727107426,3.8091282188451485,9.028661642851175,27.11361412324937,10.90773337288866,6.104642069382126,5.804998553240807,157.79813847923637,14.93369798732165,14.93330488301641,139.00829395160684,57.892323846614566,0.7627383424089355,7.874134957356292,262.7548521592365,258.6928080442132,94.03094654787652,50.52951082575554,59.54705064700342,78.4670909187288,67.03091065434771,21.102557749986904,19.05016512468035,4.07453767974544,2.003234273797733,1.365196687127324,25.739346490681,0.7546595775065638,142.93502820957193,NSR
20.75959570703276,685.382355148759,38.86730352925851,64.25709082841934,530.8652128681155,21.423815027129294,42.7845944765775,10.37830793122818,67.07632488893931,11.484745973086286,897.6094529138435,1285.5787734501923,4.553757264186263,87.60353253093838,48.67576559366675,35.659177718429014,73.76690292803156,10.845512040920067,614.7267755886527,2.6586158340632706,10.440924931492166,595.1767326266167,79.21362271302252,1254.6049318917896,988.3978346182583,12.80899996769441,27.259634820193053,7.287345357150025,17.97325065457535,773.3243161452481,11.693526352582879,93.99575536795747,14.823457328913062,26.300981727145995,32.06209219698282,5.746093002734629,40.41386304467903,37.24592238866061,733.8948945456217,99.20028492366974,14.711107520023045,596.1601031879409,58.32736228763334,5.985687161724966,33.19500412576548,1048.3664410032684,684.8053276133163,842.6884087621486,732.9712992757101,448.3065269654491,716.2186719931688,70.26558076097415,31.539040136015732,26.516149874498456,125.78973808274215,7.868689087401018,1.922486363898225,25.460319464120673,16.999035878764573,669.4046088470018,NORMAL
33.89219600613799,685.382355148759,2.9235728592634587,111.71219470903402,530.8652128681155,22.97924418165875,21.252207184943504,12.175212773627452,151.35277835093822,102.97510695588953,897.6094529138435,1285.5787734501923,45.9856589312862,152.1150180964856,10.192326422402497,36.848936377758186,152.87214062637398,14.370932803633368,614.7267755886527,31.098911708442348,11.643986768464702,595.1767326266167,23.910579246255523,1254.6049318917896,988.3978346182583,22.174608309604633,86.98768400433205,59.54964377665437,13.832973945161152,773.3243161452481,79.02152857620644,153.34160990757843,26.390923442729886,13.194666293948714,46.12180198610003,34.17364728820337,18.88337872713219,9.587885242865143,733.8948945456217,103.74194253629982,59.735775195170994,596.1601031879409,158.5149083090888,8.354261400042233,26.0816095581337,1048.3664410032684,684.8053276133163,842.6884087621486,732.9712992757101,448.3065269654491,716.2186719931688,137.34178310565636,44.92415343139628,36.07176977524189,161.39456642574493,7.159408417126154,54.531645615079434,73.17128172488314,3.4737032276922037,669.4046088470018,PAC
4.0703475549000885,685.382355148759,7.5811241348484435,49.025334931043055,530.8652128681155,0.0,17.901222078768786,17.819315832084445,66.23986354102206,38.61660712189513,897.6094529138435,1285.5787734501923,9.46388618047676,75.25285982755598,27.14271271664806,23.829294980946838,70.42405393169233,15.208814723697026,614.7267755886527,5.844549618807157,16.207947445762187,595.1767326266167,35.12246174054472,1254.6049318917896,988.3978346182583,3.4247241761322718,24.11924018704481,25.467336290946136,4.756050427237928,773.3243161452481,15.306295443106611,78.77543708097753,8.116314142603338,28.079397014711134,65.51745599641012,16.486950505855763,19.211154950203678,5.181472277757165,733.8948945456217,97.57396022963025,9.44264805753241,596.1601031879409,41.552762955822566,5.039724548964762,24.619475915994855,1048.3664410032684,684.8053276133163,842.6884087621486,732.9712992757101,448.3065269654491,716.2186719931688,68.37624411343883,0.0,8.819533006196353,112.73478065860205,3.4306776684960347,15.096208845016518,12.647729154827644,12.971381184171618,669.4046088470018,PAC
39.15700561528731,685.382355148759,10.144786113241445,91.55135632931686,530.8652128681155,42.234076611828,62.55422668482556,38.737116851568246,37.32585426256849,28.596123571095518,897.6094529138435,1285.5787734501923,6.709195919445412,23.215631015719374,31.526411932845196,5.236103793571805,11.059690440333814,17.417834715763203,614.7267755886527,3.456500253017173,71.90565727590062,595.1767326266167,85.0814643231144,1254.6049318917896,988.3978346182583,4.6993859625838565,17.000214533352445,30.412736973679408,0.7652831233770501,773.3243161452481,34.47601619946828,32.59412055373325,6.249582125062646,118.74328825199449,86.29857330238194,7.264566923307432,16.77549783793381,4.29419914897344,733.8948945456217,89.11766603687475,24.256797014496385,596.1601031879409,10.498602344277389,3.473029584611608,24.17072455505629,1048.3664410032684,684.8053276133163,842.6884087621486,732.9712992757101,448.3065269654491,716.2186719931688,14.216384670452818,52.169638010605475,60.71268366426753,106.42003106615168,3.738403674580519,11.076799331439034,21.788799328775774,17.236200609867883,669.4046088470018,PAC
10.590941117943881,62.313160244764575,6.69742532816322,41.70651762943403,126.74311209550865,8.719177592440435,11.37422583124745,4.441672077905291,71.4327481506817,21.92415879297407,192.49132591405527,69.60695599996909,2.8914316076683044,71.4959573452586,0.7942966437071459,9.325113378839882,75.08218165416483,2.8108374491668062,117.20320037248217,3.1869216345165623,11.136861442259546,113.00162588913864,57.23190530783272,413.5277028357552,55.92818046851734,3.012306509912784,39.37134450695436,10.572436505936727,2.017691841714509,194.5899637156661,26.779039149834492,72.3626046169797,2.2620337456434396,7.507362833953353,54.58880621239419,7.093600433493035,8.79204956787007,3.717699358236814,202.95660113643396,22.0631842588651,27.657428553721445,90.6177810491996,63.203499481308725,0.45852982553721156,5.920672383422828,320.0841586988861,220.64805736698065,100.36413437717313,43.48742764539147,33.264004109097,80.2895120423689,71.83673500058318,11.485100012079078,7.781046519375646,2.547244781627052,1.214089084233875,5.78246745210591,32.91766444766759,0.7681247344142453,136.52818099934646,NSR
52.888033367269564,0.0,9.011391116986754,63.065696658654815,140.17835436416465,14.029130493820418,38.08407409470605,27.946077005822183,82.09847412017652,11.88113133748467,448.80472645692174,72.01363682987648,0.45599123282483733,62.7734035875905,1.3666988456096252,24.760036544956023,65.96190249697888,3.5938503809165216,237.50955540203213,2.0063006453929404,14.490880395567629,189.3847493858847,35.28604735252337,428.4590409023182,115.52828986573047,4.344686510129573,72.29922144241227,35.57602552036469,2.666892877165982,171.0777948000034,49.362039934620725,62.884584865906895,1.3480989913644503,10.034914886882126,29.251832003616652,16.56249715227598,7.699774141200014,4.797116335611043,127.24573945528775,41.6078775205238,56.046467571431705,175.53278964886331,64.57592518449135,0.31687461172457515,4.195174485973836,335.81727902482965,242.85178321660607,162.2461721810913,77.88659511450106,91.88818077902232,46.98416696859547,73.31851897924525,46.52727412975156,57.68707825188038,3.4487296905476943,1.3256735807691122,2.2909360110629264,74.06072243232612,0.8284587540015769,295.6175578920974,AFIB
9.894416797702572,57.486672048823316,2.7092952186337254,13.97765970037339,89.76437341305402,7.953015829576541,21.27642246677814,4.8622391659804505,29.105638938573442,27.552895633263365,190.09691812664292,122.93108341299782,4.204495192130573,63.95034166541249,2.3402931577027113,21.237640909560582,66.10667731860843,5.301608267825144,116.12559500480445,3.571693945331251,5.124503504776588,83.0882158252806,15.09124046493363,340.8358427653628,86.12178404392792,2.6248639590707628,27.18563356324112,10.521440373990494,4.986023590804353,176.20627402703013,10.43275818514798,65.53008016534466,6.6585643404898365,13.156279525877089,19.352812523553784,8.203072581177166,10.43180450995622,6.56557044228988,196.92524169700255,13.711394340968939,15.154146079712245,162.01781498482558,36.255964784072866,2.151993176962918,11.470094257586082,200.87703240827284,168.08803963111473,0.0,62.76654000377107,48.95451810471686,59.60710785279688,66.0950744656735,10.590527261347717,11.453422335438066,8.445134496714587,1.2600789784615785,8.677261848623333,12.218044568374964,1.1431708239504343,90.30254031823789,NSR
18.877134859136707,685.382355148759,26.822707139885665,85.34503898048976,530.8652128681155,18.875969834849585,31.601326055268082,14.410867155636016,89.43154265399222,8.693334468826873,897.6094529138435,1285.5787734501923,1.9271901780889513,113.68047597467516,61.67093846223855,15.384156197468773,60.80741922590442,6.82147181390254,614.7267755886527,3.0289833091933787,5.750408269334679,595.1767326266167,68.55666316186176,1254.6049318917896,988.3978346182583,13.89325596596724,39.8458939751786,11.136151871671503,14.110740534480065,773.3243161452481,13.824243225782192,118.66577501308578,9.19325541415436,13.993314562700009,33.9460376559581,12.10622521068822,56.87219343098385,29.463143371133764,733.8948945456217,106.76726592274214,15.468663210775354,596.1601031879409,79.07681379875869,3.9372687323970474,45.739460052186395,1048.3664410032684,684.8053276133163,842.6884087621486,732.9712992757101,448.3065269654491,716.2186719931688,62.72091558075405,34.60107051962428,22.922013945189292,130.4901514440589,1.4174640097730844,0.0,30.201806863429603,13.731002308031456,669.4046088470018,NORMAL
5.039577375338613,685.382355148759,1.0260844370037436,57.981992840438124,530.8652128681155,11.10234252936853,16.59245938868509,5.394725034116752,85.54955338329007,68.81226992304019,897.6094529138435,1285.5787734501923,24.298857130917114,115.40509211382542,12.671570926542696,20.897381056361397,117.50627678341273,7.445742490720381,614.7267755886527,19.870283868820472,11.442576126637677,595.1767326266167,38.69568149286532,1254.6049318917896,988.3978346182583,10.114547436793943,43.985035927476055,45.82737537845103,6.383540293585013,773.3243161452481,37.13422681079519,116.99511311999883,10.997415695176056,12.746767530807265,68.01338589217518,20.579018778876115,14.463297622477976,4.410113389176213,733.8948945456217,96.56690678469306,26.490014360802352,596.1601031879409,77.17481264799964,1.3496460199387406,20.936568004292187,1048.3664410032684,684.8053276133163,842.6884087621486,732.9712992757101,448.3065269654491,716.2186719931688,110.44202866597429,11.913046431419454,4.955762500676327,135.26600411990177,1.7106738214754218,32.16668453832726,23.779282347165292,1.6042315819971704,669.4046088470018,PAC
3.1817429001739304,69.7338574555626,11.758494964170675,35.84923071504918,67.39976343941011,12.012067715969069,23.191928470366022,14.02407427782604,43.00727990169129,11.844437567582819,164.83736367616476,151.7080325503891,1.8102367998094107,67.95653638776822,1.8106662299453964,17.095098193956932,60.33946488252967,3.8114566525230424,50.59737641347842,3.774553516784175,7.69011524393849,45.99727089595932,57.078695526756256,258.58244319048436,106.33715706558631,6.40542214313469,16.710385676642286,18.78020551116458,4.477527503636673,152.4028302158325,6.557315741504365,68.63123421969941,2.5123257384196735,16.55773671690292,42.16652085249572,15.42061724881919,7.193034129031433,9.157456259564869,174.05511284071966,8.569143649460575,9.082747743391167,125.11361617847722,33.58011129841313,0.7423608369255539,6.021676750287552,246.02893598498645,194.00760335996887,112.38923652138044,57.06686854770842,32.38169470613245,79.71869608465106,52.7579687921075,15.236914471073694,9.998513987810776,5.152859309942259,2.022767957966879,2.922862100033588,9.648706377124274,1.4883261296561883,63.948737654647296,NSR
4.016682821178394,685.382355148759,7.568186631123459,56.14399080006598,530.8652128681155,8.086105288362765,23.075245107404662,16.58416032198178,73.60067482187547,32.62074053896293,897.6094529138435,1285.5787734501923,5.5111814229760405,76.04032751504549,37.67913319843332,14.090428452973512,77.56855670146994,14.26686616033723,614.7267755886527,6.196460176757066,10.351960022064539,595.1767326266167,33.397680607730564,1254.6049318917896,988.3978346182583,3.5017792554979024,21.873348808989398,19.294508663626686,2.059048633242282,773.3243161452481,12.412719338180194,77.26137749013793,1.037042782383969,23.939831464934674,70.0930241113977,15.843454042416145,26.988086336022516,8.287003522504955,733.8948945456217,99.02705821924415,7.720724918671023,596.1601031879409,42.51131190016781,4.562705699032062,46.661173241806395,1048.3664410032684,684.8053276133163,842.6884087621486,732.9712992757101,448.3065269654491,716.2186719931688,68.13419132662563,10.23020871190927,7.618013983602318,115.64103480307571,1.3069069063995942,10.36980059318065,13.51698958204685,11.833000805696406,669.4046088470018,PAC
69.22666411195438,304.61706085236335,11.390951036105466,93.22514350712954,74.49757229174472,68.85372696120972,93.1500599302102,41.039012883176326,50.78462889295316,4.0641207869033025,223.41497694333484,593.8423135134705,5.570023292591587,7.3675618096246085,4.173041511731149,18.108154426634243,7.654446244548055,1.9546710767604143,137.1553552304425,8.601487261248714,77.47776468415982,94.23443349592236,98.81318020955332,119.17645412391941,494.1989173091292,25.816558631953505,23.356103029708866,34.34185744542141,25.448617033580007,295.1542115469391,54.2360654953302,8.577417076466952,19.511820868681458,95.15651528388186,58.82094773589448,13.194514177687514,8.162495458359667,10.772639707574744,251.50559887152252,63.233331094030625,41.32888663728868,279.8608984055887,10.19542662464098,1.0213777869139637,4.107034601103993,304.9722462970976,118.03650819396799,421.3442043810743,366.48564963785503,182.66815873593524,337.6393498285379,5.186544675413109,103.39241604785735,77.63933206573448,13.519307116642802,1.711489426967805,2.840489796891049,42.67983796045081,4.687464343484855,160.72096144441193,NSR
27.067206399681027,685.382355148759,38.19529595118041,108.43495712682876,530.8652128681155,24.612092872621197,37.95385266359246,22.155019032549053,101.86650627309977,11.719782768169196,897.6094529138435,1285.5787734501923,3.607312780088827,72.88567144031738,38.55119758220706,24.293139017217438,79.90854671115528,7.031031827210334,614.7267755886527,3.1943625766074826,15.437998564579852,595.1767326266167,80.66210464135717,1254.6049318917896,988.3978346182583,12.241053325974084,40.02367488429197,10.27315854844081,14.929565696984884,773.3243161452481,20.30277857189743,102.1021168246455,11.872972183835676,33.44644812794603,51.09360730529611,7.923669708884298,32.731072381494904,21.729095752075995,733.8948945456217,105.49880954626595,19.3141618875059,596.1601031879409,75.48623213850365,9.688566696370776,30.30291712895744,1048.3664410032684,684.8053276133163,842.6884087621486,732.9712992757101,448.3065269654491,716.2186719931688,78.22078457632054,40.32324936390046,39.85664175535716,141.15270284103264,11.154168416793075,1.8664402757767486,42.81333316737158,21.469229848501282,669.4046088470018,NORMAL
42.0988643502582,158.22754488659487,9.721524227233848,56.772099721720345,94.09609970436036,28.047607116154815,63.401740807376555,18.18780681875345,100.66756622813578,10.363327755261212,373.1083940660683,222.17601707538458,1.1734294068235716,67.15628378402546,1.6472401516780302,12.546316046733962,75.9408918298319,1.0988729421735395,155.20954790034082,3.092457847076765,13.2450015558713,154.55196402230493,95.89537018623486,376.71979609379486,139.6233136257071,9.319019110918266,59.24718521529815,34.12459447435872,5.3421180340450185,178.5555447900592,39.75654831286702,66.42112550055892,6.756928510712694,6.123274252803357,22.06739078986444,14.089278900688846,5.246519519921753,3.96743976569531,134.47979544141657,39.120261103364165,46.909214257084486,186.05145416204414,75.63226306702832,0.27384932950575397,4.857784489613007,428.0214689664558,238.18256320513677,185.34202939753965,142.9519713540071,80.5357646203063,21.368215507688596,81.87622568640676,55.22719773284014,43.53002931957735,4.293962435016507,1.8752710922830431,1.4509623991859957,67.39852361185648,0.3180200011776346,250.4917832395762,NSR
8.926315874743576,685.382355148759,5.414041417773885,31.50635073628852,530.8652128681155,13.876381267507767,42.81294903271371,19.898643806072524,22.930048397642693,59.095831261662305,897.6094529138435,1285.5787734501923,7.955966603649487,35.10590620261811,14.46066634510173,14.44390619372999,36.39307510764929,2.87374230358887,614.7267755886527,7.589089635570719,30.129347589271724,595.1767326266167,34.63367947211417,1254.6049318917896,988.3978346182583,3.122836312985601,9.329732282281558,21.62003134972251,9.336098251556459,773.3243161452481,13.842445699449941,34.891602117113145,23.783394654845853,53.61069736441484,88.40172909686629,8.316760577676998,29.030517152473266,31.42245366042193,733.8948945456217,79.7062603036267,15.070485764154144,596.1601031879409,13.609775206120478,4.067490098911291,41.0546242608703,1048.3664410032684,684.8053276133163,842.6884087621486,732.9712992757101,448.3065269654491,716.2186719931688,34.515911674392314,22.402407348258713,13.027757676330072,104.12473326610362,0.6737306197811345,55.39827440494884,8.053333633144229,6.330830162931437,669.4046088470018,NORMAL
40.18980813254551,193.77994276531598,4.0913187146972945,34.47613396230707,140.34554656816093,22.698837443084216,41.48845351773996,5.156831382134289,92.1669196037546,6.543159453013029,417.22610255961405,264.3561519650417,2.2250032557577373,48.24576851671774,0.8936022799979262,29.439081750211027,63.219626452085365,2.4857743128451055,178.31657605696287,2.703961416086786,11.28802782729528,152.40645165319788,79.89232334304671,571.0888247566382,244.85841287655757,11.909341519945588,54.23347935689842,36.94734324480437,14.346415162734347,293.19326044711727,26.377149516454974,47.254005523406434,9.348703803994635,12.811541457278716,48.12600448963708,17.066339000534448,6.797064730807473,5.4583846599818955,26.1951156647597,26.103414766251653,28.629870812881784,227.94392772626114,63.948629397678815,0.20078452442202954,3.8263772582690216,470.5756256088269,93.07300070283605,270.6743315486391,143.9382346547786,108.84344088646834,32.868170942165676,69.94250314087414,30.89803207315684,19.47689153076677,7.103157943223379,4.24095048915519,1.0160746529555054,41.53081426050044,0.09833789298128924,240.44118657095385,AFIB
6.944307558171889,120.04936913687607,4.571931389657976,18.626626525620832,170.4249648389619,19.960240497667794,9.732346202795078,4.0967784850572935,55.948366775258506,67.40252864006673,284.19420002871885,160.51467589967098,30.269763518221726,85.98148477501661,4.010218614991771,25.713888592347683,80.64413157564687,4.986554078509992,205.95816903581394,18.023539941406035,5.850823331259078,191.0122824290861,23.55983689575816,441.175413727171,188.70403856716638,19.454476955421264,26.976745931211983,25.83576780805207,5.601443841974763,172.7358833102401,39.976943460709144,86.40788550404825,24.28646131421535,10.96096789962131,39.29408415476539,15.904845024204416,7.8728303291861454,6.8081054984440135,221.9597989505694,16.537571652673748,20.29580522375747,76.19217067126483,56.228707093110245,3.0260896125262855,8.903446186223492,254.98922491357376,232.55535652671398,152.04908259750331,67.70377855968758,131.0286854119767,203.990065556468,68.45717887029244,22.011710428961752,11.449131163304813,17.104141401195687,5.178120077053723,35.098773087200556,25.850142926212015,2.085734310930676,179.11484760052278,AFIB
16.8005448262196,163.65630117193356,13.155833437465445,49.068401836911946,48.48618932521519,42.82149828500877,51.42100402271371,9.321992752927791,23.098808352365932,4.998914309668507,196.7288860070082,343.7819457604546,3.809309307700834,35.605249189679355,7.747258165827357,11.156265086100452,30.614732007666856,1.2952145364656098,41.6058741766445,1.9542956538188034,21.069867790777344,72.21112652908465,73.4433367550415,217.9192170442141,256.06518437412973,14.91757328504542,17.114567387341744,10.925547821536997,14.594227975856931,179.9922780291006,13.470607152683023,35.65821758267954,18.39523612432885,39.139420723637436,46.661174807631326,3.2876783548463355,11.713791031544266,12.237426378445413,185.20833444984135,11.162044307042931,9.339685559822613,159.80155195389523,25.03745361703741,2.797081128600182,5.941057823604591,194.09771555959497,222.5253306712376,212.6597621587516,161.61838259591676,139.6899852985551,163.0063710355597,28.220496758720486,47.716050261594376,28.390989921841978,19.811460847104634,4.767735293662367,2.8255326021979834,17.678631367620493,9.109486642256607,93.78911089587777,NSR
5.102281808592739,164.41142364328437,2.4718163623720653,21.618058813547226,177.31330282761243,20.15229697133611,15.544729481333377,4.730833090149655,61.69294827417575,88.95328490431332,143.79977423236113,175.75433980388348,40.602506124665275,101.17561780682327,2.588053180948575,29.8373093121417,98.14833943049993,10.070228637811585,237.875528435027,34.68212016844196,7.29304492842572,191.98332856852434,31.282608772685336,339.93368414530397,181.8078095527755,23.00394807902077,30.67167841774815,32.50140668547562,9.766606448182877,275.71766993199356,52.40055642820204,102.09430083881298,21.36122191611883,9.743818187573112,55.39678553382111,25.845115416382583,9.456587138744839,8.080507765189818,213.5757159382,17.41637944055343,27.693520784410822,85.28615099417179,64.20911661113838,2.8341774229554253,14.078874189699597,247.14538278743865,200.54205617967935,188.61354896410666,85.94310154570033,179.3531239677221,241.1494206327928,82.15338038658025,21.28193957676462,7.268633454790104,18.335726459044224,7.192475101116583,48.847232337579776,25.010688300943368,0.7277203647498005,122.7347432230175,NSR
20.674471622122702,685.382355148759,24.099864039873015,89.42894006630038,530.8652128681155,26.33162599425771,46.33252282211041,21.674348712170946,85.97141441764305,8.234559204776538,897.6094529138435,1285.5787734501923,1.6807269391725852,103.59596015753672,47.19421578458474,11.972904284846136,64.74539426602387,7.009955256679999,614.7267755886527,3.692560893065674,10.7665783301253,595.1767326266167,74.52878646966776,1254.6049318917896,988.3978346182583,14.940731901170864,36.316717091645266,6.4648058749430914,15.133506038929744,773.3243161452481,16.359662468685414,105.68264924020674,10.679566015364024,26.662380012172726,40.40520919472472,6.3935200766463165,40.156499578865734,37.22879530156668,733.8948945456217,97.98456771706229,15.108698747492467,596.1601031879409,72.66015793531744,7.578145516083477,33.25335993061195,1048.3664410032684,684.8053276133163,842.6884087621486,732.9712992757101,448.3065269654491,716.2186719931688,73.0653541975526,42.53589299505646,27.60744232249599,110.97507121630943,1.454968041624484,2.3014096342053105,33.416395654779066,15.433966933049902,669.4046088470018,PAC
33.29482473958795,39.49326627677184,3.3020043596977886,45.13156519735497,223.42857051785822,13.518413556137766,11.463762435358863,7.274462963871373,115.75938300977002,27.13173344524315,332.13024212624407,66.86549938072679,4.007573376646279,82.26171499063663,1.5106161172336816,28.409192155054622,104.20688501891249,4.510725523979036,201.21333087397323,4.889343452041224,10.23726442646005,196.4127761332111,46.05343406141478,511.47284993555996,72.48156818425082,4.128819752230002,74.74643610475829,42.61345464822451,1.5834501711064455,186.97964362823186,47.87396285225757,81.91112944890358,2.2812654337069267,5.414380819190465,39.736903569589686,18.96294748071741,8.686671385037862,3.705626859081869,240.3162126053724,40.30070717930893,50.94276572400342,163.57417504249355,93.75501433840373,2.1073745270779716,8.647063335441072,398.7299409875241,305.20696895888636,117.2895715871455,53.15436089034177,62.53373249780312,56.231478320893565,89.94440741103493,35.349310304798216,35.86151604646986,4.401195722782868,4.521506250922282,6.974474015679217,67.42285447526065,0.055293303353087686,249.1482564957114,NSR
18.33571604678007,103.1432654428862,2.957061022264899,18.378337802642193,188.40260753641203,15.409499058410805,14.1241073568668,7.128498728758743,80.39615173941179,60.4897226597002,262.1727807517506,155.25475750930644,15.193465626343993,101.8971649926239,1.3357717354934244,14.571681707728766,104.98011080083033,4.361557771814367,212.40248398869568,11.751347973100886,7.739736782547812,188.67226383932044,11.523681236451239,424.91840666703064,157.02297509794462,4.713428816571044,45.95910937079434,15.510517136651357,1.7111915177822723,151.57701444954654,29.70108911402854,99.74389227217307,8.954360940944412,20.082438992871218,19.779525345756582,13.466038207593979,6.9413831675129485,2.854030482496092,232.9279343857454,24.52345404422932,20.619668865955965,121.34565428729184,67.73984206142369,0.4739828918830804,6.437506737880615,303.28930003633525,229.75764900063106,106.56310993570389,79.96161161994738,132.79871279576858,140.0503382577212,94.30903596935953,24.599524309682533,29.283546687057427,22.986294733971185,2.592557948063639,24.454563624421283,35.06015425500043,1.3737686306389452,141.6836505058276,AFIB
19.643058692824212,685.382355148759,7.962472666930623,66.23669151712026,530.8652128681155,23.892916803743805,43.21743757664536,37.90760184572942,41.77525364408619,34.58110338293581,897.6094529138435,1285.5787734501923,6.989741353590566,16.69553162554437,27.158204379745868,11.957054971676362,14.33148162517771,6.136864282835892,614.7267755886527,5.015086486866517,55.41675755136551,595.1767326266167,55.084960337595795,1254.6049318917896,988.3978346182583,2.000098167585889,8.532999879784525,27.58378989614248,1.3133996346519714,773.3243161452481,21.045817857843996,17.462529771036806,7.964396508389574,89.92905400964962,125.69491106210461,1.7434199781871822,20.10530107377472,18.35158607110805,733.8948945456217,40.06882832099665,14.726042025106453,596.1601031879409,5.845183148897438,3.7385159681622326,41.44368483998236,1048.3664410032684,684.8053276133163,842.6884087621486,732.9712992757101,448.3065269654491,716.2186719931688,15.530552656736699,28.311761909523113,28.318601534092252,105.52067928225625,1.3747416621903379,22.025696420073288,11.513153170817265,10.26551180624985,669.4046088470018,PAC
4.482118935401045,685.382355148759,19.908608367397736,86.55448803858086,530.8652128681155,15.147224589396437,18.052462769446574,12.90635264972369,72.0317760823985,16.223366529374704,897.6094529138435,1285.5787734501923,0.9500105511292992,73.24548718041308,63.16879575795963,21.67772098562646,82.31245779097384,23.38735568173677,614.7267755886527,2.9829989870207374,7.954829246520931,595.1767326266167,67.04550937699521,1254.6049318917896,988.3978346182583,4.92552615500981,19.005020811430644,17.722806690263916,4.849646772864908,773.3243161452481,5.144338760674857,91.1431251276338,3.8768880760385165,16.49744707147287,54.30049861136557,14.324940168661865,43.09192332710735,10.707174964431339,733.8948945456217,110.99746021428038,5.131345461853272,596.1601031879409,51.35282910578035,4.110394707201768,57.21644733197374,1048.3664410032684,684.8053276133163,842.6884087621486,732.9712992757101,448.3065269654491,716.2186719931688,63.14063518006514,17.47734314400436,13.077354960453823,129.07775538178058,5.389752159140488,4.10792717832025,12.797078496491038,14.67653282838115,669.4046088470018,PAC
43.88356711922084,685.382355148759,21.418191876010184,92.03336348961774,530.8652128681155,44.84114364050108,69.68686897402651,39.350212283673,46.82765490404765,12.272885526462119,897.6094529138435,1285.5787734501923,4.658017367623659,14.150363343002642,49.62974199859472,6.572528141531965,11.619376752143278,13.050090573352916,614.7267755886527,0.9661730063333833,80.45909346883258,595.1767326266167,102.53408514828159,1254.6049318917896,988.3978346182583,9.37632588347772,16.206773169699733,31.57286569643837,4.772391714080488,773.3243161452481,30.99537384449656,25.907989225678826,9.176673655948793,119.305958151093,117.54042203161372,10.107983268921279,30.259184144403903,10.8935633348268,733.8948945456217,98.53753331054195,24.386320810887575,596.1601031879409,11.106865417195744,5.404812618939997,40.65116997172523,1048.3664410032684,684.8053276133163,842.6884087621486,732.9712992757101,448.3065269654491,716.2186719931688,13.975797879693493,55.87351020471231,58.22807375206158,106.09092543307587,6.426819665289576,3.2928500835645895,26.33702350220908,19.199995068425196,669.4046088470018,PAC
11.174807552434965,685.382355148759,5.106886923081054,54.029289185934665,530.8652128681155,15.10184158082652,43.4765303304228,37.07663877526325,50.984696796193646,48.248053948114105,897.6094529138435,1285.5787734501923,8.959532950755184,24.216790054871034,10.230524175622625,20.067428094112454,25.261885253131982,2.751768049562523,614.7267755886527,7.728465305349974,43.65355792413068,595.1767326266167,51.81779007464437,1254.6049318917896,988.3978346182583,4.187899167600003,9.778772167381668,30.24880799476752,4.804997364427372,773.3243161452481,21.956655108556856,23.698757789936707,18.180292503452474,68.71390069553462,111.31173257431817,8.788245358518026,26.72263728902233,27.913427233230305,733.8948945456217,76.70291352478985,18.766347739706237,596.1601031879409,9.741492334299883,1.9877946434062328,36.81821540960613,1048.3664410032684,684.8053276133163,842.6884087621486,732.9712992757101,448.3065269654491,716.2186719931688,21.875607799609337,23.85282165948083,14.033439168536958,93.66134936445611,1.1185763521575376,50.7488532714539,12.554875561945925,3.848965977364085,669.4046088470018,PAC
58.47131840952641,685.382355148759,19.599649912217288,133.26575785296313,530.8652128681155,18.25445533075504,33.45376162351696,43.77341013717799,150.0585657376976,32.730108398906346,897.6094529138435,1285.5787734501923,5.421552461168684,104.06664862721837,65.45006782620098,43.50513988506959,124.08855645058088,11.674467891887009,614.7267755886527,7.390333714087517,21.62442615065363,595.1767326266167,41.69061905580587,1254.6049318917896,988.3978346182583,5.717141076201788,83.23913903752869,42.1681322521784,13.709906582521105,773.3243161452481,46.509363330068226,116.55610279250257,8.509553989590357,25.138735607752487,26.700213783915615,24.294819449065205,54.724342049699494,12.635143611943546,733.8948945456217,135.87718449484433,51.71940912685045,596.1601031879409,119.95788116692319,4.994199336341162,66.44523248646051,1048.3664410032684,684.8053276133163,842.6884087621486,732.9712992757101,448.3065269654491,716.2186719931688,100.30376312420344,63.35438262782454,79.1284143696698,167.91389419115353,13.967064659947834,9.539605301756758,78.7678841775861,20.29448614593932,669.4046088470018,NORMAL
7.540973242298064,276.02042656491216,5.745731890590972,28.83000758916178,78.86426107249515,14.779759079831008,20.825848911393155,21.420417186890134,30.700079720144522,37.41787555608839,44.8821286382687,332.3457205845891,16.041668483493723,20.989520438565794,2.234153308062161,19.39011603057263,19.456519467182744,3.1514432547954816,87.07456829297028,9.643502414877407,32.75543112869226,135.25659560901238,25.357806011044882,189.71945841955767,279.82121533834896,8.325329431996291,11.966838172597281,24.66374673775937,1.611362332767805,230.9631338346177,29.359004269525393,24.855982302369316,9.293760788525036,55.513682433144,54.115635520516406,4.57721248565878,5.641520734404436,2.6545512868045313,225.16285033628503,11.685928311684911,8.970614303138568,69.1481173144614,11.749563528276742,0.3818077133855631,4.720552805576609,107.57800220740756,185.7189739507159,188.5258636169741,117.4415906225356,153.85777929773656,298.78429441778997,19.89308166136294,16.45822109909707,12.374528611292838,16.681608015388473,4.782862002322886,19.830303204157353,8.903142593291596,2.378582266350536,38.54486422644381,AFIB
17.6343115490447,685.382355148759,32.64526769436051,35.132421980384464,530.8652128681155,20.416880028405927,28.78890139678005,8.065314994886926,71.9771567370102,17.259347386096614,897.6094529138435,1285.5787734501923,3.8567525514758154,80.82772622092013,29.180480450115198,35.19614416886676,80.38621209667012,8.795126027091168,614.7267755886527,1.783680807362315,6.385675140643823,595.1767326266167,76.93322553384793,1254.6049318917896,988.3978346182583,14.18329084841221,31.24783094455095,9.50882559486622,13.87368241372706,773.3243161452481,11.0325960240808,113.5396721658928,13.868510422571882,15.052598984809622,26.604533455992676,10.5759122016043,51.157188936731814,25.819809326310562,733.8948945456217,99.27575569918349,14.032285104913027,596.1601031879409,63.96971280414439,2.3656934647179666,43.58792333471179,1048.3664410032684,684.8053276133163,842.6884087621486,732.9712992757101,448.3065269654491,716.2186719931688,59.15684299166379,31.423196050560765,24.51988077427195,139.73806240778447,11.564993367583995,0.978263729404609,25.953651475850204,11.303573318150747,669.4046088470018,NORMAL
9.756569044940441,685.382355148759,12.480050916062842,81.07722535878507,530.8652128681155,6.014120272090037,14.88927693122355,8.986367181448633,77.77675636194117,38.945540739116645,897.6094529138435,1285.5787734501923,9.217345144709558,105.8625569824661,44.59386302998904,30.36993983348407,111.10186114401588,17.217250113226516,614.7267755886527,5.066280373951107,6.8895429856961,595.1767326266167,45.83836613696743,1254.6049318917896,988.3978346182583,0.0,38.6923717241915,26.929627495663894,8.95073018942308,773.3243161452481,13.843335194066688,116.59275615553237,8.093960769606156,10.924771042743401,50.22013353944715,13.722267877743898,33.808108590406015,7.057515155509217,733.8948945456217,112.25935461016464,13.804375460921895,596.1601031879409,72.07812078076864,2.882616544753692,46.66066974290161,1048.3664410032684,684.8053276133163,842.6884087621486,732.9712992757101,448.3065269654491,716.2186719931688,91.07202855234037,8.850728514488056,12.358059692664193,136.26630705967685,3.3987249295096387,13.592800091095796,20.862992067125067,10.915505252916327,669.4046088470018,NORMAL
10.214064201970716,685.382355148759,13.86335717626159,68.61274399758037,530.8652128681155,15.3418049747889,29.110145362019594,33.128372959076344,52.99350016134629,20.907742843702067,897.6094529138435,1285.5787734501923,2.564970758839261,31.104573534407468,39.72077385233513,15.958139738830054,28.244285208719837,8.292536594667245,614.7267755886527,1.2751980237928342,40.429682260569805,595.1767326266167,54.79955860320473,1254.6049318917896,988.3978346182583,7.126217687552145,13.23589556583287,29.2926804974266,4.227326576719726,773.3243161452481,15.532632944358834,41.21995319395378,5.29982863734263,67.38269289787061,113.95824481700268,6.776348456708482,24.81864228094394,8.84391087355947,733.8948945456217,94.16763245000753,10.667613349270697,596.1601031879409,13.719632313660151,7.314815006987624,33.952841441023644,1048.3664410032684,684.8053276133163,842.6884087621486,732.9712992757101,448.3065269654491,716.2186719931688,23.37828048413445,18.697733085422428,21.946265671333787,111.20650102908886,4.43954078853144,3.4482971324296914,12.720578592782337,17.972791677036202,669.4046088470018,NORMAL
21.224957231641444,70.23018457691434,6.803194534071329,29.953614925210406,119.8099916522788,12.545376660979908,19.258331026777277,5.011390202884836,72.77331837307702,28.53289764975162,258.65230229694555,76.99019496446127,7.651901728803529,78.20935882430595,2.4870345311092663,19.04257971830301,83.38157038596003,4.009654702361975,151.51042642596082,5.065858125080587,8.316333161267881,129.60485801063896,51.770496518813886,443.0581223045834,0.0,7.312540714093895,48.605916295497366,15.717834279980849,1.5192189722843579,170.5669583108158,30.39545637164434,78.71419683790482,7.328823525363729,7.061904159125379,42.8654622648598,11.069371540824434,5.857578792712792,4.509845399533654,140.16530290979017,26.812505346502206,39.09776433127713,127.90010037358414,66.55258350662217,1.2719010094662215,5.4705437706602265,296.5657577486832,131.6649919612042,101.78548942796603,44.41203180069447,61.9306099866391,91.03107619784458,66.96770343614678,25.006502477430317,20.565423079680034,6.464533290447041,3.729283507331566,8.762573658132494,41.815582593695424,1.8799792430532816,183.32445677434717,AFIB
19.869608899618743,685.382355148759,19.60714376203287,45.139229603122416,530.8652128681155,12.19238935451328,33.19205332377442,6.0336514917893,90.7146456220851,19.947297187646097,897.6094529138435,1285.5787734501923,2.0837962294553156,131.9379296675942,47.89376559738872,33.78164504251064,93.87775516326343,10.831052835875969,614.7267755886527,2.404271488976922,4.188475898532597,595.1767326266167,52.89308281912962,1254.6049318917896,988.3978346182583,6.637678033540691,51.317366683664325,15.976254832525525,7.340962468797015,773.3243161452481,15.044865397168536,134.18287721661204,5.431248584112975,12.251533429609465,20.514309410036837,15.526405505587674,42.12676463748409,28.217703412873792,733.8948945456217,94.58703094487971,20.043586570787717,596.1601031879409,85.85031218324877,2.0894957378003745,63.45290781219875,1048.3664410032684,684.8053276133163,842.6884087621486,732.9712992757101,448.3065269654491,716.2186719931688,77.67536697436044,26.927903788003665,21.93441997630732,131.34388095957019,1.9802167450259427,4.013663178479106,31.60471114339079,6.328650709081797,669.4046088470018,PAC
11.784489973676251,217.64544954154664,5.345617782444379,23.14169734285605,71.8063040857195,23.362057801976324,48.552494798570564,18.38430678874688,21.189739525138254,39.523768425160796,153.96258399943005,345.3403867470331,20.856868234255167,23.03177419232703,4.21868359057544,26.39534659240146,28.872253048533814,5.676737736269144,98.80375967121347,12.540854906361021,31.761629037505806,124.62356911479115,26.976570098584332,130.16790414376706,210.9691371921671,9.757231448837414,5.928173540880217,22.927043731247565,2.12770525517379,221.06798698652602,75.78050292027393,25.026060437755604,9.604807745774961,51.06893343487415,26.18059876643466,10.550580195246905,9.736417208537095,4.054225770901576,208.6209593836044,16.147246051635857,34.04081236823358,160.9584591830874,13.016571269082897,3.6066329630167417,11.414898043132366,184.84082133511686,168.0980060673855,153.5448763217976,199.23028069583486,96.87147288462015,261.1784219125795,20.664923039713035,45.70585275907389,21.8567242330731,18.740455170424706,6.805043638956083,21.043719280805234,25.30295740980636,1.6267992264867124,77.15655759469779,AFIB
17.501852987128792,685.382355148759,20.693782435789974,62.25126823311053,530.8652128681155,31.240031826011784,69.34568807125463,22.556701879041345,57.15116420033481,34.7554870039654,897.6094529138435,1285.5787734501923,1.654082740989841,43.74503996345843,34.773493497996945,31.13899276516803,41.598166790383104,7.824102970231586,614.7267755886527,2.373926848432564,29.20198213629202,595.1767326266167,91.32888463239476,1254.6049318917896,988.3978346182583,12.276385273772657,13.43030064108865,4.711571048987838,14.130738396260226,773.3243161452481,9.217135158113527,44.66756638878917,15.718145361273717,52.700842371449646,54.637785303264344,2.040848897839297,34.98465599440781,38.35733241893624,733.8948945456217,79.71459973268517,11.22826981046852,596.1601031879409,25.127068602306085,6.376797106790808,31.845844107664725,1048.3664410032684,684.8053276133163,842.6884087621486,732.9712992757101,448.3065269654491,716.2186719931688,41.85453227951391,41.63831177875267,26.29377983334808,102.68757096782373,2.3720472160100954,20.767440608721007,14.747392754824117,11.980266963762983,669.4046088470018,NORMAL
47.781720248781674,685.382355148759,9.237197218891065,91.05377692914168,530.8652128681155,63.932207787872024,78.56101371035882,26.33555265422079,41.02122354585902,56.92238724824913,897.6094529138435,1285.5787734501923,13.018217941881073,29.38680328431618,18.622834699030243,8.80631253842419,41.111227678864026,2.6804038839823923,614.7267755886527,4.767487565880019,58.48254491029714,595.1767326266167,72.29865005999997,1254.6049318917896,988.3978346182583,14.852398738659899,15.086983845812773,16.62282123642691,5.8293344718790685,773.3243161452481,35.939833078721286,29.15696038216401,22.019588356932122,101.85471565085537,85.24007318330658,9.406400085933967,18.027702598715496,21.957223142541057,733.8948945456217,45.355979030259476,30.5120770045057,596.1601031879409,31.903617522237735,3.0819135159324813,30.238275861383293,1048.3664410032684,684.8053276133163,842.6884087621486,732.9712992757101,448.3065269654491,716.2186719931688,26.413310290405843,75.77350414509426,57.93390345825644,71.59780047560359,2.1538792643388405,19.573356696626877,31.53552655275822,8.149420932106237,669.4046088470018,PAC
5.184084378551657,685.382355148759,2.925420403966493,32.68508310299433,530.8652128681155,7.114237050090549,20.640596617348223,17.830475454458508,37.49165993091367,71.31271577525882,897.6094529138435,1285.5787734501923,14.260899918344574,53.869458992704615,14.02445299412474,22.961091679900004,54.939170084932776,2.8532756350412325,614.7267755886527,11.350695889972288,25.27749087500345,595.1767326266167,26.472562683259497,1254.6049318917896,988.3978346182583,5.908433627746571,21.751264428731247,34.704557998860174,3.913019862308325,773.3243161452481,22.341746526817424,54.41727054157668,16.034617801482202,43.42808310830228,101.53781189309998,13.7182960188396,13.954428057915564,17.967314153451248,733.8948945456217,87.03593496195387,19.27747563547453,596.1601031879409,26.05070605308653,1.809216988464918,24.829320758606528,1048.3664410032684,684.8053276133163,842.6884087621486,732.9712992757101,448.3065269654491,716.2186719931688,52.995804949530104,10.993334840376567,6.202778840416782,110.86391915028275,0.931347275238769,42.46726860804537,9.881272013718698,4.727017726258479,669.4046088470018,NORMAL
61.15497204556374,685.382355148759,1.6322812251263041,134.1889232945158,530.8652128681155,35.41455209630649,35.68651864731752,19.43281784102917,132.57340541488688,91.48403302334809,897.6094529138435,1285.5787734501923,22.059522424507158,137.3079734860546,14.105595051511257,21.301174216212146,134.63696821091466,14.776884183449402,614.7267755886527,18.952294005789316,26.542701128256727,595.1767326266167,46.9262959678704,1254.6049318917896,988.3978346182583,10.55093680523581,81.99642517476335,67.43122067177049,7.5398277429945,773.3243161452481,87.95620659638851,145.099226268669,12.63522004266203,19.800110885104836,63.72979013195977,25.28512409800351,17.364571018472056,8.009199082184749,733.8948945456217,98.77128748486881,78.27675054922791,596.1601031879409,138.7774946952288,2.4298067908368135,25.634579548390874,1048.3664410032684,684.8053276133163,842.6884087621486,732.9712992757101,448.3065269654491,716.2186719931688,112.78107694216713,71.12775585894701,59.362767271341056,165.1531199318798,4.189941278267405,32.71226980469176,95.30952043241204,0.5687418220791677,669.4046088470018,NORMAL
50.84668101798072,685.382355148759,5.398256437245461,117.68627842741162,530.8652128681155,52.89023273840054,84.06956122201106,37.639948708356826,48.472646338582074,24.9225423632413,897.6094529138435,1285.5787734501923,13.470817085149898,5.036255763875409,7.474308653987683,24.060266671288165,9.965857653304049,1.4859354405688452,614.7267755886527,9.6210587218079,87.61054342369874,595.1767326266167,97.35786306413473,1254.6049318917896,988.3978346182583,5.266783777116608,18.647160236239444,47.00374312889002,7.5159185625403016,773.3243161452481,49.670100417815235,4.118797751860032,34.27920836077038,113.6056905435234,89.02797913373131,11.901382570923124,22.045703155599846,20.838999541448462,733.8948945456217,78.69381654428781,46.0948060466126,596.1601031879409,9.224441320022732,3.5555611943077863,22.318047571753464,1048.3664410032684,684.8053276133163,842.6884087621486,732.9712992757101,448.3065269654491,716.2186719931688,9.596218345945868,68.70443470100814,63.083932558294315,79.94918313960602,1.903677083743302,47.878026775767594,29.31749305553784,8.733001573227291,669.4046088470018,NORMAL
3.446835676903218,685.382355148759,7.8933434877630875,22.69735082231348,530.8652128681155,7.519013519756417,20.444225150083536,14.817049299156084,60.320727271530934,62.02001790889067,897.6094529138435,1285.5787734501923,7.250165934767166,68.79764814231446,29.166649464474748,31.522977025691233,67.54128139388834,6.369051689171362,614.7267755886527,5.34024702506496,13.049618916933627,595.1767326266167,26.990688306728703,1254.6049318917896,988.3978346182583,5.45518397784944,20.27325235975356,21.229917563368307,3.8110631169500158,773.3243161452481,13.314322882275361,74.37788078514129,4.324339123843568,29.09482830533033,77.65868250129789,12.160603744103733,17.973416833040325,4.4639904176629095,733.8948945456217,59.76175718970684,7.261692131907361,596.1601031879409,36.516720795571736,3.230901698606494,32.014454116438216,1048.3664410032684,684.8053276133163,842.6884087621486,732.9712992757101,448.3065269654491,716.2186719931688,63.69645461136408,8.65836746444893,8.879888583196948,119.41723479189778,4.37944374820414,10.131018771884914,11.209023963693976,8.899549068854839,669.4046088470018,PAC
9.75846799496355,253.78751504017762,3.9374749172940695,16.32750419296353,37.74781334399013,24.771416811326844,26.3847456135068,7.575163933467785,28.585897847404123,18.877051065208242,90.9986787695664,363.09297239349297,35.57776761291722,12.469114440716575,0.9248044501979042,29.218492302353667,12.316219747883892,1.6198568735804266,57.92688623694144,31.361132645429322,19.204730355106985,118.63615958452993,17.48613098187506,213.40497563591035,274.50869607429104,20.308856002466854,11.158110708639862,13.018659271992936,9.887175601335002,196.9751974297996,38.386323419064865,12.678834400431322,23.06392234660489,39.086119724487084,66.58949717394644,5.590899309315388,5.0633446672687334,8.944898662726583,132.0053821619516,12.44571210517031,16.41800913834576,134.84038056602677,9.815826528967024,0.23370349844644114,3.973997223595826,133.062097941458,168.93828912058507,165.3788885490766,166.9117090375738,168.79680957197172,258.6776507821683,13.74103348215282,32.715742397287585,15.912790117789365,19.772446157994864,3.6895637940119967,31.847300134207973,11.213742136821791,0.39957377801805005,69.70821489908194,AFIB
35.71200318340929,685.382355148759,5.840183051848752,67.80014416247244,530.8652128681155,32.87886969145967,52.55777583800965,35.58118965794021,25.440516236540542,40.48415518347113,897.6094529138435,1285.5787734501923,27.836312134652204,9.646258322494983,10.23239007364081,25.564630387407334,7.124105456078996,3.1171067156825405,614.7267755886527,19.02174562688414,72.64873898786271,595.1767326266167,51.568282423251304,1254.6049318917896,988.3978346182583,13.067802404484166,19.169028484874904,47.886526792177214,5.078444589007915,773.3243161452481,48.40753177554365,9.852237594206716,32.61850420195116,118.61346198033462,103.05899613944125,8.762208687385256,8.668298124472225,17.74156296777468,733.8948945456217,83.80922110492745,38.73021870324076,596.1601031879409,8.081654505761547,0.6328114373458958,16.233504161203076,1048.3664410032684,684.8053276133163,842.6884087621486,732.9712992757101,448.3065269654491,716.2186719931688,16.859946127451867,46.32413906834296,44.850398800004236,89.48203985135811,4.0258124650999205,56.702377426031305,19.522090412914878,4.903547264831838,669.4046088470018,NORMAL
60.52647111115936,685.382355148759,21.84223241050725,82.32156234259968,530.8652128681155,26.058989245917424,74.86312903771045,25.01560427531,108.4851493765838,14.824239344987152,897.6094529138435,1285.5787734501923,1.5760605570412767,147.71122297350036,46.36631561574776,31.401591448846556,95.46866995518482,11.610512432326228,614.7267755886527,3.526398369099261,23.7286726923961,595.1767326266167,67.08165813598778,1254.6049318917896,988.3978346182583,12.327667401168688,83.6892260211644,21.719799122145016,14.649809838960751,773.3243161452481,38.38155743046027,163.1076120201744,8.811243938191332,31.631528378392886,33.45590902266964,12.65481806064448,41.617726825430275,28.04605814889085,733.8948945456217,99.24976451629973,43.41539797825523,596.1601031879409,119.89285063884925,1.1909492660513805,40.40932369043767,1048.3664410032684,684.8053276133163,842.6884087621486,732.9712992757101,448.3065269654491,716.2186719931688,75.767230428984,56.69065285005025,63.22923697484709,107.06281478530272,8.418189744275569,1.4837370561664,64.34786421758196,4.6340130026040995,669.4046088470018,NORMAL
36.6733490568166,262.545860128696,2.1743628487099667,65.52247044063948,72.80155292063507,25.031734853462314,59.062372076713544,27.805190762344363,17.655537784790372,18.748116938364312,87.8845548112706,494.7853497119519,2.517217573647761,12.246168226060119,5.541643091407824,15.588613490745757,9.340206559456849,2.1290680048854447,76.27193833939624,3.1752587454823247,67.42623742254901,131.89649564312276,34.918889027332085,174.75228601960634,347.5259705941404,2.579910745125725,17.113483096404483,28.804465175251792,0.9525531693541296,236.28369643842757,30.934370878153963,11.64255522556027,2.9033864812842385,93.54112905197776,47.47241149246597,7.283172217253776,7.235753105926217,3.707741884328284,242.42404226244292,23.747491245342907,25.86994710963584,168.52927918981607,11.330786197545246,1.1207936555312124,7.699104881744823,194.34330747919807,200.34141160449292,261.214288362915,202.63454690275555,202.00429427908935,310.7305292107967,9.759892374576712,42.831793015505724,44.388601436214465,37.35205835649872,0.92332192151672,5.32318015346547,19.617813156921173,4.0717447341449855,34.101497874669796,NSR
17.05595340074068,250.05005050032202,3.2727608613544548,44.23404351628936,38.07625043567059,12.082869014019568,27.33464358204045,32.62827586969786,26.039379412716862,52.24903654833095,48.824303753374096,376.38747225661115,18.033632448126045,18.141960631064567,1.5467679832435606,23.66462521808139,18.940099587192872,1.7938531119173455,72.61598383409962,13.72891771076711,63.46215662472794,73.32962043775471,32.25193039036431,74.76032152667686,253.22737177727456,7.414608592945276,18.65663879442444,33.78469986861764,2.8332883197745184,243.45919636318834,36.03479515600969,18.72362919775309,8.344548315335757,95.32649394640653,70.82407679188275,4.412370334696421,7.960803133245534,2.482611125415164,310.0496084831665,20.065318138426004,22.929139962843166,187.05103210204655,9.063150928672869,0.40216148104122296,4.616287950491565,216.83464864629198,230.5618523276107,154.26202230087674,192.50196369082067,55.35348509912859,263.67222327278967,22.259895832123657,26.019728436566947,20.349351299639512,8.68997379883657,1.1486330079961602,25.160459784683184,11.583805671593254,2.125254767880383,25.007211855702725,NSR
16.814941834977343,42.042777700853144,2.9349486038633725,28.802359530260166,136.70561432342498,9.52921643478854,17.93208187229189,3.019304879047605,98.80071203587356,19.294258006368512,253.07615275461436,75.5688066994519,2.7051883223804234,83.61529162830823,1.5399512033700402,10.287265282810226,88.92103958722073,2.1250005155964358,124.23208186539976,6.9314001237481815,3.9822666938603044,122.5220889585312,37.85271073764522,417.3549912907845,63.27974101255898,4.259799208562103,56.24799050876189,30.949872336624566,2.8208740965188763,141.32259493481953,26.364947347117553,84.4559591761153,1.4331099111800332,4.567665940530817,30.0740420163851,14.730066974156125,8.197595912694998,3.3813879664541906,197.19850572506786,20.729543628210777,29.601769569419346,154.11446162320914,90.99971377975966,0.27240995044342814,5.151609569405897,306.33088934614915,253.7530134522496,106.76545307265827,47.28196700194721,39.32876986488969,42.33848307254903,97.8314674514064,22.31247005479332,20.408275412485022,4.303129628960777,1.4803681187631206,4.586317192745604,38.63772684843489,0.8327413964441263,170.24857620150584,NSR
67.70130096104491,685.382355148759,39.02794091831433,69.1283369677831,530.8652128681155,67.86632655261435,109.57265564220685,54.05272473865486,97.59535933214983,73.41940089221272,897.6094529138435,1285.5787734501923,32.99462802079996,122.0522176910654,44.93843495548204,63.53819627433887,130.35291394592272,27.070671131727643,614.7267755886527,30.05633077147375,79.17114374964487,595.1767326266167,89.9894250262609,1254.6049318917896,988.3978346182583,27.602271904105358,28.56079086134388,57.338431201699116,5.87370778236254,773.3243161452481,110.6306198930372,121.83227961421579,40.7962760481666,115.64031126774093,43.5349984019355,27.514737990401386,71.26423770635525,14.576831400499342,733.8948945456217,129.7574527153143,82.94255956584065,596.1601031879409,105.58357899243238,15.71751133452592,57.82736614125827,1048.3664410032684,684.8053276133163,842.6884087621486,732.9712992757101,448.3065269654491,716.2186719931688,46.1815054271791,115.90821983743425,94.87548724112214,141.00205835361672,38.64725153414293,25.55247159259557,106.7776183065142,31.29134966081181,669.4046088470018,NORMAL
46.103586436761084,685.382355148759,17.274041141101733,88.93049469741787,530.8652128681155,43.30465360014096,72.74101847733326,32.87391407974364,35.78487326776021,25.925415268071774,897.6094529138435,1285.5787734501923,3.2297532435266203,14.067679097040275,30.44914618372489,10.015968706980521,13.980145683655264,4.905745649035792,614.7267755886527,0.9288077759335643,69.34374808050241,595.1767326266167,97.32955587005858,1254.6049318917896,988.3978346182583,4.684810123329137,14.218053504632802,26.39472732573057,3.0849286534814455,773.3243161452481,28.135534540703503,14.797726084336478,10.662635966412584,116.57696583574244,125.62605043745373,6.835907068738972,29.078249289753856,26.657411586325622,733.8948945456217,75.79397925604157,25.212012361189355,596.1601031879409,8.196952088135575,5.141424839920635,60.78877800144256,1048.3664410032684,684.8053276133163,842.6884087621486,732.9712992757101,448.3065269654491,716.2186719931688,18.060508002256935,55.09865470627446,55.750429457900374,96.4555990314927,4.46624370803292,10.256802979545776,24.898762009809225,15.871331566227303,669.4046088470018,NORMAL
11.762571477159282,685.382355148759,21.945417594506726,39.433243927115484,530.8652128681155,24.428923478228054,49.60218212882151,15.89537906863372,41.14898232360737,45.983320256140516,897.6094529138435,1285.5787734501923,2.8953791918583756,44.86301403421484,15.367050880718619,37.53320523471979,41.55939670784709,3.4253055989945698,614.7267755886527,2.6040454697407767,20.61474293486113,595.1767326266167,69.02395793915527,1254.6049318917896,988.3978346182583,8.157553266158528,12.187363016679049,9.414595549861533,27.45396513491538,773.3243161452481,8.769694146909952,45.12227841938277,51.89615071643447,44.493548901251955,59.129647052417276,9.913702906476225,31.840290695203123,37.538016682178245,733.8948945456217,79.59180090922905,24.42716081027802,596.1601031879409,24.55387560275347,5.309798041786769,47.38547049997711,1048.3664410032684,684.8053276133163,842.6884087621486,732.9712992757101,448.3065269654491,716.2186719931688,43.32397916201857,42.94259085958845,17.173802958543785,103.86836250320884,2.8179057539200256,58.368082870275146,12.625442292363026,10.40784109555486,669.4046088470018,PAC
56.488654637148464,90.6876633441347,1.679414836019902,55.346773329562424,265.43260643405773,29.369572131385688,23.39956955373702,20.19259973411086,115.9189748897164,68.16392440714752,441.72297223207653,116.40647033895321,23.9546693012159,124.52370121586554,1.963901230730255,19.424419730590323,112.8639249527094,6.834641465158659,307.36338779432634,15.076016353826304,23.721356232327718,297.58836631330837,48.81176967591907,627.3024659458948,117.71356954695709,7.210065258010657,70.63734911830748,48.08469488926694,6.405126052093886,256.2814715698116,87.21825437904306,124.97861775791309,11.986795333531047,10.972804406305524,45.635013345003884,19.722431187267432,9.900468052751906,4.746767638979602,296.9819294664502,60.122582161327074,77.34046281621441,232.01830212757415,109.68800679477673,2.2081310098216247,11.635470594607925,524.1832205016342,342.40266380665815,183.54895757638235,91.4433525805418,107.06614304579591,118.8630043370036,102.46982377430955,62.0619323839329,42.76529252987428,13.922677740631213,2.1914038698495726,29.50381662730111,92.86241450402476,0.2145862004845087,334.7023044235009,NSR
8.765641098413447,62.58779618380914,4.025587510616499,14.824904991269038,87.65476160322946,7.912001568685652,6.837387043967771,8.436633112144468,76.46621356514201,28.718015450216264,149.14208576806223,94.92807465853686,4.165161774365993,83.28258571840847,2.526215895047903,13.655944856170642,80.79959910882634,4.441792650648682,92.7606989995765,4.815868301681247,5.427317558380526,77.51750749726577,37.487993616247685,377.7467773962767,85.92012148208471,3.387647807775121,20.83066109911203,12.800317465499601,0.9591043625042941,119.78678258235719,15.700229918423329,83.21063785730381,2.5203226149035176,7.048565970772044,37.27235477109997,13.624752187450827,6.5982428310382835,2.7871247830708263,163.220647301207,13.493155426839209,9.310327254860107,69.28593592889703,53.70634082070139,0.370085321558118,4.228457081900184,261.4741641663197,189.64480683311814,76.01852369398159,0.0,44.17858520933934,115.37021739006359,72.57827914814975,14.585744709442668,12.156244665899177,9.55401778296217,2.4288460811281936,3.004869052914822,17.24022587461695,2.03372817758298,113.73148556956167,AFIB
0.0,685.382355148759,7.338361981315874,41.21935770281651,530.8652128681155,7.4161977728758535,35.11444337178643,19.797571357411606,67.42316483624339,75.89902434772961,897.6094529138435,1285.5787734501923,5.588223096964958,64.9790816262874,23.016897698544973,21.7897901986188,62.642877393268265,6.443539939328985,614.7267755886527,6.069524935628094,15.867915644293886,595.1767326266167,47.84639619610947,1254.6049318917896,988.3978346182583,3.2611613812758042,17.658344674708253,24.124779845557967,3.193833612418387,773.3243161452481,11.283004713428593,65.32673857493991,5.837498695010417,28.82792292918403,76.97213272437297,15.821867856698821,29.711177941610813,24.05143144292345,733.8948945456217,87.1055951931257,10.425696400419934,596.1601031879409,35.24370844146031,3.183417943801389,49.337835709647926,1048.3664410032684,684.8053276133163,842.6884087621486,732.9712992757101,448.3065269654491,716.2186719931688,57.337470457834314,9.93300749352213,5.767038461465587,125.93738891895268,0.5863239545272299,27.472600368918627,8.581066375302067,4.473868782587868,669.4046088470018,PAC
59.19001328762614,337.44942860247295,5.746708752107149,86.61602069357178,23.592117589696592,30.37157954955571,62.524365032758595,31.068763149341297,32.466442559714366,34.43744691342647,117.60414010645816,543.9228509912108,2.5316146042498127,6.077621356004409,3.0826780293362277,7.368872987579261,8.557072891882889,2.3437810296564137,59.52216637280336,2.719063033813548,64.04306725307764,84.9461533485541,47.69889671762987,60.528937813377034,390.8743319755164,4.037490328772794,20.609466060731314,24.837670094794255,1.4847128098367666,273.9133372668106,50.981077224840725,6.190098097018222,3.689808706804316,84.65909051480678,47.93811448566938,9.089967832765359,6.371787809023197,2.1153833100037844,292.1174428580507,39.28626936779469,39.335863920418255,254.51915303408765,9.243644002589035,0.468961308664518,4.040937759490985,245.5326750549296,240.79897602780693,299.28492573030945,285.96246933308896,118.29074585693942,351.00337068752884,8.059194500706251,55.404233152679446,67.22345428411755,11.01659893760223,2.0953752470197164,11.066259934622819,31.38059588491629,3.709696400529192,50.03545486558545,NSR
75.04250670388127,685.382355148759,1.7981428686309098,131.8803790006684,530.8652128681155,42.05888968925608,41.656813672099084,24.11044328069835,129.3789714337618,90.74767392814448,897.6094529138435,1285.5787734501923,24.70923053782008,124.8682811198784,13.880560296024766,20.212305370129943,133.9117905551074,11.663703924881677,614.7267755886527,20.34285863544623,36.48878217149605,595.1767326266167,57.19814776153152,1254.6049318917896,988.3978346182583,11.657107802214291,85.4287310902486,55.674585027924024,5.603396727190249,773.3243161452481,103.90086589434743,140.91175532374885,12.05578078777258,24.28632377673275,72.99328671061167,18.93061847531697,16.165131571966885,4.181348150398684,733.8948945456217,101.03840602489939,94.85081677884692,596.1601031879409,129.1875181141753,2.839044224569916,22.104212433755553,1048.3664410032684,684.8053276133163,842.6884087621486,732.9712992757101,448.3065269654491,716.2186719931688,114.79035640009502,81.0111662074257,73.75649429094968,169.63725548595514,8.222009404116953,32.091086351094766,115.3085007138056,1.0935910688900001,669.4046088470018,NORMAL
9.234811088420662,182.75462695862686,6.22117508624072,56.915070055184984,41.24956466258357,24.268281985785553,42.15140831416985,23.706615960814084,38.72650046900322,13.022504669088997,157.70602268207745,307.8410829775242,3.019965707841509,26.87842238353951,7.4721664086430515,17.157132433149318,19.639715299229668,7.1180043555805845,70.32397062297204,2.7853493824603652,41.812355537793486,81.52730645361234,21.947425842171704,153.49043242470802,279.02604722399377,5.063673864891559,21.486033685157093,32.75350317125759,2.22788466403317,186.80883719460797,27.90295574632973,29.24376525894706,4.98236112268394,58.32733858948504,34.69512077796954,4.560802182091926,7.337697996947919,4.329330023858013,226.50743643284457,23.11364227572282,29.597815716732548,154.62582760240446,23.679045241656556,1.71324261095816,11.48944396947931,213.37287850694932,200.28154412497454,171.4111948169835,177.49878951206793,107.15887080311883,195.4486111400862,23.09570841782439,20.671888482167844,21.36371657855587,23.138816620047955,2.1154336285389923,3.820065557079799,21.164545601504845,0.6764987699827942,69.73974808896274,AFIB
15.03172996201955,685.382355148759,26.133100338986853,42.34310295222637,530.8652128681155,27.312200520724936,51.95386355959326,14.892942981957729,34.809845852039295,16.772550492098947,897.6094529138435,1285.5787734501923,3.2629138024658304,25.744557276033603,57.61769576626093,14.932871218088556,24.133575286858488,11.6770859854628,614.7267755886527,1.5613716612270603,29.386738325893592,595.1767326266167,71.65923538467584,1254.6049318917896,988.3978346182583,12.309225882060844,16.874301923861584,14.736525683140883,10.356807965573703,773.3243161452481,8.717132965443946,27.36969495642454,14.943229455910144,51.526091389485515,67.26095932606222,2.500437180033026,47.49359488658363,28.402291568685943,733.8948945456217,79.01607968798456,7.847664949321822,596.1601031879409,13.28536716096259,0.8753485024734043,49.7647132057231,1048.3664410032684,684.8053276133163,842.6884087621486,732.9712992757101,448.3065269654491,716.2186719931688,32.604937338866385,33.58823926399544,23.53397970024842,115.28776320188199,5.706116862124971,6.340567600208247,7.636070580093949,6.905720615446748,669.4046088470018,NORMAL
55.07636967363987,207.24945038765225,8.786097608996467,105.57661845170475,75.2856427551015,35.873495735694064,63.90144658223534,11.115427639992012,52.14596944529909,40.8099800644297,195.78773188619792,252.4859933499878,44.795884117863885,45.98593477501341,1.7859547938692726,27.71808663814316,34.820329976186954,2.4816442032665122,91.62560215904706,31.0170970724478,43.052492780199046,137.26841898798787,56.81304033626558,165.2646849778239,283.59569132110283,23.09737904035003,24.038361626594725,32.997504159838186,9.707144890609808,230.78380520552642,81.22632383521469,40.53884062770259,27.185980342995194,91.8694816081796,54.472175670326,8.162587421441396,3.02095379427252,7.013191344916392,200.5657685370387,16.789891307113606,63.7042805833682,220.1083456479479,43.98878805605911,0.22970866667863746,6.108467187511779,243.16797575505097,300.41451317288306,244.4975815011705,185.38975954499477,205.454075877172,170.49262232406568,50.96063172940498,54.243018235655555,56.65316759223793,20.54267522821303,6.737278122887293,20.00463275393153,53.13064874008974,1.1609943676220562,124.44263077158419,AFIB
38.70908710724627,19.40359132565016,5.925248139866567,50.18347246026216,177.83638765083953,14.113424345071643,22.948497878928357,16.220007174023436,92.27180545027186,19.862565593237235,344.4152777100149,70.08139413785022,2.045948064500768,72.59500071951517,1.251333553510831,18.49914503105576,78.74680583206819,5.6090394335440585,203.26741425687848,3.7111534328480658,10.302628207192768,193.22277951043276,42.94684843457809,470.20551057448233,102.59443753770351,6.398282940290046,61.72621175601534,40.03730790461287,3.5505958680492196,174.4379614807668,43.28101469346589,72.06288713757532,2.3266608695137294,7.706044588632779,34.57982415353948,21.26661107144198,10.542121625413088,5.708817368130222,199.21760339950592,41.02165354518881,52.84098329017238,131.60838070252004,73.6490541066175,1.0120538892286475,8.213862492296808,371.4361733635153,305.34385097504247,131.94802395387435,68.78188794552727,76.21216229205024,28.060636230203247,75.23645597446593,37.83012994107262,33.56525578264923,0.0,2.182036847655852,3.17612280194667,68.43704949774452,0.10984970088146277,257.95642164767133,AFIB
50.733259330421085,685.382355148759,8.737570179149579,104.47385728256535,530.8652128681155,37.30224435906243,67.71510500038002,30.48131511979971,33.69097688232853,39.10543355834102,897.6094529138435,1285.5787734501923,9.238997430504485,14.148151290845545,21.008310204113595,6.304980008822689,8.141514235684348,4.485973053156515,614.7267755886527,5.545270614270138,79.35676950338535,595.1767326266167,90.53949754520482,1254.6049318917896,988.3978346182583,7.879689326385425,23.320691792059613,52.516516411973384,1.848947031164953,773.3243161452481,47.612065165385,15.91925058258676,7.001530800364061,109.41024707347376,113.18820147254841,8.719055367184977,12.295669008321461,6.591562860109082,733.8948945456217,74.74741741692647,36.412382983933426,596.1601031879409,11.483499695278462,2.901949990262525,27.08407136175041,1048.3664410032684,684.8053276133163,842.6884087621486,732.9712992757101,448.3065269654491,716.2186719931688,12.445809552946482,61.54817774752906,62.53047499755979,104.72688045269517,2.454803090822014,13.15384620594396,29.505978027686158,8.179333799902718,669.4046088470018,PAC
